Date,Open,High,Low,Close,Volume,Dividends,Stock Splits
2016-08-24,26.760312181728583,26.80254404551785,26.549158232718536,26.746234893798828,1270300,0.0,0
2016-08-25,26.760313566578876,27.1051977413172,26.760313566578876,27.020736694335938,1490900,0.0,0
2016-08-26,27.04888641744132,27.421925102550386,26.739194177442076,26.92219352722168,2749400,0.0,0
2016-08-29,26.978505168647285,27.189659110233347,26.929233320141428,27.070003509521484,1130300,0.0,0
2016-08-30,27.06295904818871,27.112228198691287,26.943303479134354,27.027767181396484,1422200,0.0,0
2016-08-31,26.97850074965182,27.112230930925858,26.78142144281351,27.034807205200195,2909200,0.0,0
2016-09-01,27.08408311191409,27.24596790379912,26.957390199140022,27.133352279663086,2144400,0.0,0
2016-09-02,27.23892254428538,27.77384592945116,27.1614988221634,27.302268981933594,1247200,0.0,0
2016-09-06,27.37265563806736,27.872387207818583,27.35154105158901,27.858312606811523,1587200,0.0,0
2016-09-07,27.86535048571521,27.977966090883577,27.668273847912527,27.886465072631836,1415100,0.0,0
2016-09-08,27.80452356176206,27.818775309394354,27.2273400147473,27.277219772338867,3019600,0.485,0
2016-09-09,26.99219199300376,26.999316507439406,25.944711685180664,25.944711685180664,2250200,0.0,0
2016-09-12,25.880577338281395,26.343749554742267,25.830697587984687,26.201234817504883,2048200,0.0,0
2016-09-13,26.051591747656143,26.051591747656143,25.616923086010264,25.65967559814453,1948000,0.0,0
2016-09-14,25.716684635309505,25.916203623256447,25.310519427993317,25.38890266418457,1918300,0.0,0
2016-09-15,25.339024579004587,25.795069563216263,25.239262360246077,25.688182830810547,2183100,0.0,0
2016-09-16,25.495788500937547,25.716686480760877,25.403156231739004,25.5242919921875,5534800,0.0,0
2016-09-19,25.673935659206048,26.023096691459212,25.59555240390985,26.001720428466797,1181500,0.0,0
2016-09-20,26.14423060848221,26.32237336936426,26.072974591426515,26.08009910583496,1387100,0.0,0
2016-09-21,26.137107100074623,26.35087787771242,25.688186564265198,26.308122634887695,1191600,0.0,0
2016-09-22,26.50051481705293,26.785544307637124,26.50051481705293,26.664405822753906,1227000,0.0,0
2016-09-23,26.643026696949775,26.949432414989626,26.436380474412687,26.828296661376953,989700,0.0,0
2016-09-26,26.792667721618685,27.106200692036555,26.65015570042063,26.977937698364258,1058300,0.0,0
2016-09-27,27.00644181588415,27.19170907868147,26.87105158706819,27.0491943359375,1200900,0.0,0
2016-09-28,27.12757910745624,27.412608608989398,26.92093285475684,27.3912296295166,1390900,0.0,0
2016-09-29,27.241587027953052,27.241587027953052,26.749914052181904,26.899553298950195,1148700,0.0,0
2016-09-30,26.992189791611683,27.08482206293439,26.735663800964744,26.742788314819336,1322200,0.0,0
2016-10-03,26.728537970269652,26.728537970269652,25.994590683848056,26.023094177246094,1339600,0.0,0
2016-10-04,25.99459236244057,26.008844110059893,25.032622503201278,25.2178897857666,1822200,0.0,0
2016-10-05,25.31052114534162,25.47441214202428,24.412680202176137,24.41980743408203,2230200,0.0,0
2016-10-06,24.277291801285898,24.377051298349038,23.928133561564902,24.134777069091797,2328500,0.0,0
2016-10-07,24.255920248968103,24.562326031249324,23.778496211224564,23.921010971069336,1852100,0.0,0
2016-10-10,23.97088789907092,24.19178588666136,23.913883632809195,24.16328239440918,1486000,0.0,0
2016-10-11,24.156157475624404,24.284420470366964,23.96376298351056,24.006515502929688,1817500,0.0,0
2016-10-12,24.042146665057064,24.683458932218393,23.935259928075524,24.66208267211914,2147100,0.0,0
2016-10-13,24.597953779085763,25.203638104157136,24.46969076841887,25.09675407409668,1939000,0.0,0
2016-10-14,25.09675100394548,25.14663075552036,24.498191266804348,24.50531578063965,1877700,0.0,0
2016-10-17,24.519571611550102,24.56232685641277,24.298673590457565,24.312925338745117,1449100,0.0,0
2016-10-18,24.526692774855967,24.526692774855967,24.213162510104635,24.334300994873047,1454300,0.0,0
2016-10-19,24.405563354492188,24.519574636615552,23.992270757892868,24.405563354492188,2416800,0.0,0
2016-10-20,24.426931536526148,24.469686772514148,24.07064605802026,24.26304054260254,755100,0.0,0
2016-10-21,24.077772627818582,24.34854762690386,24.013641134721034,24.206035614013672,821400,0.0,0
2016-10-24,24.284425698358596,24.448316733980697,24.120531944493326,24.39130973815918,1320100,0.0,0
2016-10-25,24.3770598544005,24.49819837066848,24.263048572277132,24.405563354492188,668800,0.0,0
2016-10-26,24.341423855803146,24.341423855803146,24.042145357716926,24.23453712463379,742000,0.0,0
2016-10-27,24.213165819139395,24.220293052404745,23.19418892163817,23.343828201293945,1918900,0.0,0
2016-10-28,23.393705368041992,23.749990839611982,23.315322129377805,23.393705368041992,1063100,0.0,0
2016-10-31,23.514842429703204,24.163281915247133,23.40795569499843,24.035018920898438,1655800,0.0,0
2016-11-01,23.72148917562454,24.690586167816267,23.429335175176387,23.63597869873047,2377800,0.0,0
2016-11-02,23.635974869840215,23.692981845201466,22.8521479863184,22.880651473999023,1892500,0.0,0
2016-11-03,22.88065285097701,22.987536858848436,22.49586389885822,22.873525619506836,1781900,0.0,0
2016-11-04,22.944789136621427,23.23694316836124,22.80939889282593,23.11580467224121,1247900,0.0,0
2016-11-07,23.4222096060907,23.742867121605386,23.336701841367724,23.72149085998535,1223100,0.0,0
2016-11-08,23.771368491396718,24.13477849767225,23.66448175636372,24.006515502929688,1275300,0.0,0
2016-11-09,23.386579587453383,23.571849566380916,22.966162596185637,23.358076095581055,2302600,0.0,0
2016-11-10,23.336703563698535,23.422211334732282,22.374732305279025,22.4174861907959,2543300,0.0,0
2016-11-11,22.424606198990794,22.702509779959215,22.25358934253701,22.4744873046875,2258700,0.0,0
2016-11-14,22.467363908938733,22.588501032169468,21.911558044858644,22.567123413085938,2364600,0.0,0
2016-11-15,22.70963486840508,23.065918954379537,22.403229168163506,22.67400550842285,1800100,0.0,0
2016-11-16,22.588504260670966,23.00892131555347,22.381857990692126,22.97329330444336,1318400,0.0,0
2016-11-17,22.909157621372742,23.037420612584356,22.681133770818064,22.802270889282227,1302100,0.0,0
2016-11-18,22.78089301561071,22.788018888278266,22.29634590630827,22.481613159179688,1780200,0.0,0
2016-11-21,22.6526324265238,23.40795593631674,22.638380680533402,23.222688674926758,1618300,0.0,0
2016-11-22,23.36520547266546,23.600352506592866,23.308198483687395,23.57185173034668,1291500,0.0,0
2016-11-23,23.35807333835921,23.692982532719387,23.322445336845682,23.586095809936523,872500,0.0,0
2016-11-25,23.61460259913681,24.134779105019526,23.61460259913681,23.985139846801758,568400,0.0,0
2016-11-28,23.97088717685137,24.22741316290684,23.692984931372127,23.7143611907959,1383300,0.0,0
2016-11-29,23.721488667069725,24.18465817489106,23.6431054240519,24.035018920898438,1837400,0.0,0
2016-11-30,24.013641282627013,24.027893027652294,23.265442337375575,23.514841079711914,2912700,0.0,0
2016-12-01,23.507718845793235,23.507718845793235,22.98041510169652,23.172809600830078,2084100,0.0,0
2016-12-02,23.22981534115081,24.084901152104216,23.22981534115081,24.027896881103516,1877400,0.0,0
2016-12-05,24.035017393006083,24.220287358951172,23.79987039714335,24.206035614013672,1561900,0.0,0
2016-12-06,24.241666396386105,24.362802164878673,24.02789563430099,24.08489990234375,995500,0.0,0
2016-12-07,24.113401944003346,24.747589677920043,23.842624211931955,24.74046516418457,2122800,0.0,0
2016-12-08,24.626457454225626,24.996994741275376,24.576577696184597,24.932863235473633,1251200,0.0,0
2016-12-09,24.904354921302396,24.996989904701977,24.626452689346074,24.690584182739258,1154700,0.0,0
2016-12-12,24.491062314811977,24.49818954638935,24.0848970986585,24.327171325683594,1814600,0.0,0
2016-12-13,24.283722239760912,24.31269245024007,23.907117791785854,24.01575469970703,1696000,0.55,0
2016-12-14,23.994025582125055,24.044722063085015,23.284272085934568,23.33496856689453,2474400,0.0,0
2016-12-15,23.13217930221441,23.139421853363125,22.73384727728755,22.99457359313965,3207100,0.0,0
2016-12-16,23.066998690308225,23.334967568543316,23.009059660064885,23.21908950805664,3880800,0.0,0
2016-12-19,23.02354374391137,23.371177909984567,23.01630119277959,23.161148071289062,1410500,0.0,0
2016-12-20,23.03078905460095,23.226333826191823,22.907668425974364,23.15390968322754,1181700,0.0,0
2016-12-21,23.24805914983821,23.617422401963857,23.190121495490764,23.349454879760742,1397100,0.0,0
2016-12-22,23.334969886869537,23.552240926524046,23.15390884532334,23.47257423400879,986800,0.0,0
2016-12-23,23.465328016674988,23.59569116498156,23.39290251053213,23.566720962524414,824100,0.0,0
2016-12-27,23.689843864812502,23.733299175259553,23.40739125378417,23.501543045043945,646200,0.0,0
2016-12-28,23.508783955585823,23.61017691609066,23.20460507407131,23.262542724609375,768800,0.0,0
2016-12-29,23.284267390870475,23.55947601408806,23.103206396075574,23.450841903686523,921800,0.0,0
2016-12-30,23.501539567989425,23.74778076525598,23.378417587980856,23.523265838623047,1995600,0.0,0
2017-01-03,23.762266783115873,23.9795377860841,23.37117732012264,23.972293853759766,1812100,0.0,0
2017-01-04,24.044722596561986,24.595142728946968,23.805722527232923,24.558931350708008,1346300,0.0,0
2017-01-05,24.42132406090358,24.674806440734727,24.33441344831799,24.6096248626709,1465300,0.0,0
2017-01-06,24.609623739733482,24.624108841170127,24.160596646199963,24.26198959350586,1102000,0.0,0
2017-01-09,24.334410275956817,24.334410275956817,23.92159458961963,24.08816909790039,1271700,0.0,0
2017-01-10,24.008509504021465,24.153355006634772,23.675357664858595,24.117143630981445,1077000,0.0,0
2017-01-11,24.14611630143525,24.290964581585513,23.943330366875575,24.037479400634766,1220500,0.0,0
2017-01-12,24.030234823213018,24.421324295350484,23.98677951650305,24.399595260620117,842300,0.0,0
2017-01-13,24.32717572591548,24.443053796365984,23.986782685263506,24.189571380615234,863700,0.0,0
2017-01-17,24.261992250602795,24.624111537925224,24.189569498238672,24.587900161743164,799100,0.0,0
2017-01-18,24.479262192846196,24.870351668998516,24.428565715872836,24.696533203125,881000,0.0,0
2017-01-19,24.660325351044982,24.69653673080546,24.31993506599509,24.566173553466797,932000,0.0,0
2017-01-20,24.58790047977615,25.145564520995922,24.508233793494618,25.116594314575195,1610600,0.0,0
2017-01-23,25.015202991454533,25.37732230715219,24.928292366506284,25.32662582397461,1169700,0.0,0
2017-01-24,25.348345803211974,25.623557188359825,25.304890501530593,25.572860717773438,1508800,0.0,0
2017-01-25,25.609072087799365,25.630798357264837,25.39180110489335,25.572860717773438,1547100,0.0,0
2017-01-26,25.51492778668181,26.19571113586426,25.51492778668181,26.195711135864258,1561800,0.0,0
2017-01-27,26.260889079685988,26.275374182476597,26.050861996099318,26.202951431274414,1313300,0.0,0
2017-01-30,26.130527733012446,26.130527733012446,25.746679429850442,25.92049789428711,1976600,0.0,0
2017-01-31,25.94223283354549,26.13053646315955,25.869810060771886,25.92774772644043,3226400,0.0,0
2017-02-01,25.920497329652974,26.123283231452767,25.565619238752625,26.058101654052734,2156800,0.0,0
2017-02-02,26.036374306674762,26.268130402798523,25.949466461316,26.21743392944336,935900,0.0,0
2017-02-03,26.35504300422342,26.60128424613576,26.297105351112265,26.49989128112793,1249200,0.0,0
2017-02-06,26.492646274220892,26.579554122678363,26.355039187849975,26.557825088500977,1407600,0.0,0
2017-02-07,26.572312611045813,26.71716088017074,26.514374961046407,26.5867977142334,1635400,0.0,0
2017-02-08,26.499888109752064,26.67370657378596,26.427465361342552,26.6519775390625,1239700,0.0,0
2017-02-09,26.6519812770046,26.927192732510544,26.557829480666832,26.81855583190918,1261600,0.0,0
2017-02-10,26.796830128334623,27.1589494543932,26.659225779022798,27.079282760620117,899100,0.0,0
2017-02-13,27.101003264597253,27.340003295018374,26.963398944590033,27.245851516723633,1110800,0.0,0
2017-02-14,27.158946237478037,27.245854091867724,26.811312057168426,26.833038330078125,1199700,0.0,0
2017-02-15,26.70991784229363,27.057552006234996,26.695432740118896,26.985126495361328,932400,0.0,0
2017-02-16,26.90546612288312,27.137222262716072,26.73164763663285,26.796829223632812,1776300,0.0,0
2017-02-17,26.782340279334868,26.98512618192425,26.695432430046665,26.90546226501465,1762700,0.0,0
2017-02-21,26.905465213967478,27.318280996771197,26.862009903185132,27.311037063598633,1512900,0.0,0
2017-02-22,27.253098177357504,27.303794656264753,26.825797310317185,26.89822006225586,1993800,0.0,0
2017-02-23,27.05030990013642,27.30379506118277,26.58679765025283,26.753372192382812,1906300,0.0,0
2017-02-24,26.608527223884504,26.840283353508074,26.601283290786334,26.72440528869629,1405500,0.0,0
2017-02-27,26.724407979548992,26.789589570240626,26.441952578051072,26.54334831237793,1588900,0.0,0
2017-02-28,26.478161065800727,26.594039117527945,26.311586539114767,26.326068878173828,2419100,0.0,0
2017-03-01,26.4274671690709,26.492648752198406,26.195708280255694,26.420223236083984,1443100,0.0,0
2017-03-02,26.376766565853927,26.44194814561925,26.16673948683305,26.34055519104004,1449100,0.0,0
2017-03-03,26.333311080932617,26.34055224998656,26.050858521070385,26.333311080932617,1265100,0.0,0
2017-03-06,26.25364809480051,26.289859470656953,26.03637707691096,26.159496307373047,1361700,0.0,0
2017-03-07,26.058102221684347,26.15949517479292,25.797375906404728,25.92049789428711,1065600,0.0,0
2017-03-08,25.71771671955811,25.739445760663845,25.160055314956345,25.174537658691406,1189500,0.0,0
2017-03-09,25.181774463406757,25.24695604276548,24.580655146792918,24.696533203125,1777100,0.0,0
2017-03-10,24.696535943195254,25.022443876148202,24.34890173562914,24.797931671142578,1584600,0.0,0
2017-03-13,24.87153651022508,25.062911401358594,24.790569238180744,25.03346824645996,1287400,0.55,0
2017-03-14,24.820014533023496,25.02611101937565,24.60655585338503,24.996667861938477,1352600,0.0,0
2017-03-15,24.93778338651297,25.519270280119187,24.93778338651297,25.386781692504883,1107600,0.0,0
2017-03-16,25.394139336094806,25.541352299613926,25.239566987933905,25.445663452148438,1536000,0.0,0
2017-03-17,25.54135456034935,25.83577770559406,25.44566570441418,25.806337356567383,2214600,0.0,0
2017-03-20,25.784250825129448,25.894661247687033,25.59287594159714,25.666481018066406,1043800,0.0,0
2017-03-21,25.798971614876972,25.93882518689686,25.416219051636315,25.430940628051758,1245800,0.0,0
2017-03-22,25.497183587444738,25.946181792543868,25.34997064690929,25.776887893676758,1673900,0.0,0
2017-03-23,25.72537007907254,26.122844273399583,25.614959644697034,25.806337356567383,1352800,0.0,0
2017-03-24,25.821058002450567,26.056597633281147,25.533991445012784,25.563434600830078,1331900,0.0,0
2017-03-27,25.50454802306574,25.695922897104563,25.26164622863009,25.45302391052246,1226500,0.0,0
2017-03-28,25.467744371113966,25.857859144961882,25.37941771629247,25.83577537536621,1019700,0.0,0
2017-03-29,25.850499201081636,26.071317261270075,25.7989750806328,26.049236297607422,867000,0.0,0
2017-03-30,25.960909635102844,26.137562960112003,25.850499201081636,26.049236297607422,1078600,0.0,0
2017-03-31,25.997712342890864,26.380464959989343,25.946188222113566,26.255332946777344,1095000,0.0,0
2017-04-03,26.16700528885509,26.498233772583156,25.89466311683596,26.00507354736328,1052000,0.0,0
2017-04-04,25.960907376895914,25.960907376895914,25.67384364283576,25.83577537536621,894100,0.0,0
2017-04-05,25.90938191132508,26.056594866928492,25.688563881846754,25.71800422668457,1297500,0.0,0
2017-04-06,25.76952780935828,25.997708026237884,25.64439862477669,25.982986450195312,849400,0.0,0
2017-04-07,25.997709296703455,26.225889524733855,25.916742028439323,26.144922256469727,1331300,0.0,0
2017-04-10,26.137558887200314,26.159642655275714,25.87257894097734,26.086034774780273,1218800,0.0,0
2017-04-11,26.130199432373047,26.22588827283143,25.997708055693295,26.130199432373047,1302100,0.0,0
2017-04-12,26.13020382616077,26.196449525639846,25.931466727723546,26.012434005737305,1088900,0.0,0
2017-04-13,26.01243234658088,26.144923737088302,25.843138416011133,25.975629806518555,1380700,0.0,0
2017-04-17,26.078675206676138,26.424625222930235,26.041872670614826,26.41726303100586,1480300,0.0,0
2017-04-18,26.387821599299524,27.013475984543817,26.32893809933337,26.895706176757812,1382500,0.0,0
2017-04-19,26.96930920752291,26.96930920752291,26.58655665929432,26.645442962646484,1163700,0.0,0
2017-04-20,26.70432724525122,26.98403157871126,26.593919634991902,26.880983352661133,822800,0.0,0
2017-04-21,26.851539510635543,26.96930930993359,26.6307214879334,26.748491287231445,1223600,0.0,0
2017-04-24,26.939872838093386,26.97667819088116,26.446712558704178,26.844186782836914,1144200,0.0,0
2017-04-25,26.90306556130844,26.939868099769,26.741133830511245,26.895706176757812,708700,0.0,0
2017-04-26,26.844179500110535,26.866260459509363,26.571834564208984,26.571834564208984,1046500,0.0,0
2017-04-27,26.571835824269154,26.6012789767661,25.59287487050104,25.659120559692383,1553900,0.0,0
2017-04-28,25.614962951330895,25.629684531671636,25.445668989193894,25.585519790649414,1209000,0.0,0
2017-05-01,25.725364307440927,26.005068619346037,25.659118623249014,25.90201759338379,1059800,0.0,0
2017-05-02,25.953546620691014,26.203807829746232,25.953546620691014,26.00507354736328,1183800,0.0,0
2017-05-03,26.15964917959359,26.15964917959359,25.511913708953674,25.533994674682617,813400,0.0,0
2017-05-04,25.59287327821341,25.61495423728555,25.246923277531867,25.57815170288086,1215300,0.0,0
2017-05-05,25.688568433781015,25.960910624800682,25.673846854826696,25.953548431396484,773000,0.0,0
2017-05-08,25.982987408689066,26.005071177494344,25.570794495705602,25.68856430053711,797300,0.0,0
2017-05-09,25.688565696376084,25.81369489237274,25.42358291914342,25.614957809448242,836200,0.0,0
2017-05-10,25.644404038711823,25.87994368941206,25.644404038711823,25.821060180664062,763200,0.0,0
2017-05-11,25.725366248883727,25.762168785578126,25.570793910055112,25.659120559692383,641400,0.0,0
2017-05-12,25.7032840324166,25.7032840324166,25.394139336094806,25.445663452148438,851600,0.0,0
2017-05-15,25.46774582433027,25.762171767673813,25.342616623514292,25.519269943237305,1356300,0.0,0
2017-05-16,25.61495997132111,25.7548135643606,25.40150129299538,25.725370407104492,1185900,0.0,0
2017-05-17,25.64440369691806,26.063958869626823,25.64440369691806,25.953548431396484,1918500,0.0,0
2017-05-18,25.865218230069573,26.270051768488283,25.651759576190244,26.063955307006836,2426000,0.0,0
2017-05-19,26.122843088443286,26.122843088443286,25.688566371641592,25.74744987487793,1183200,0.0,0
2017-05-22,25.762170949497946,25.850497606554303,25.38678055111808,25.6223201751709,1247400,0.0,0
2017-05-23,25.67384395292505,25.769529993531645,25.519268795303308,25.556074142456055,703200,0.0,0
2017-05-24,25.62232000206792,25.887299971446797,25.467744843446344,25.614957809448242,1256000,0.0,0
2017-05-25,25.69592816181162,25.857862724613327,25.5781583364615,25.821060180664062,949900,0.0,0
2017-05-26,25.843138566143196,25.946186802057873,25.754811907909733,25.887300491333008,708900,0.0,0
2017-05-30,25.87257606604603,26.049229343898496,25.769525044803327,25.791608810424805,658100,0.0,0
2017-05-31,25.879941343222338,25.990351772914806,25.637042328894314,25.703285217285156,1590800,0.0,0
2017-06-01,25.754810333251953,25.791612871277955,25.497186951362597,25.754810333251953,1202400,0.0,0
2017-06-02,25.92410808134193,26.270055359279105,25.879943344478978,25.953548431396484,946800,0.0,0
2017-06-05,25.86521918403933,26.019791535851404,25.58551482753143,25.6223201751709,955400,0.0,0
2017-06-06,25.75481331365923,25.835777783544366,25.541354637411338,25.76217269897461,689300,0.0,0
2017-06-07,25.394137136164318,25.467742207620496,23.94409420407892,24.79792594909668,4726800,0.0,0
2017-06-08,24.797934022313523,24.797934022313523,24.33421686703551,24.621280670166016,2320700,0.0,0
2017-06-09,24.46670060399778,24.62863232465375,24.31212545957802,24.518224716186523,1414400,0.0,0
2017-06-12,24.518229270750478,25.254291362012054,24.518229270750478,25.246929168701172,1482000,0.0,0
2017-06-13,25.224485656930835,25.74812333016999,25.20952417289382,25.591032028198242,1491600,0.55,0
2017-06-14,25.807971434510325,25.920181147409334,25.493788804171565,25.576072692871094,911800,0.0,0
2017-06-15,25.389056547414054,26.02490678458106,25.381577232120684,25.897735595703125,1020000,0.0,0
2017-06-16,25.987504221150985,25.994983536363847,25.47882517833755,25.591032028198242,1900900,0.0,0
2017-06-19,25.583551798852554,25.980021124027644,25.553628831847703,25.97254180908203,742700,0.0,0
2017-06-20,25.98750553849337,26.144596848428293,25.882775144925315,26.03986930847168,1068600,0.0,0
2017-06-21,25.994984541233066,25.994984541233066,25.41898022479252,25.471343994140625,980900,0.0,0
2017-06-22,25.463867160172512,25.605996997452447,25.306775836819156,25.523710250854492,835400,0.0,0
2017-06-23,25.52370353941137,25.87529123565768,25.486301260868576,25.822927474975586,1266900,0.0,0
2017-06-26,25.87529085664809,26.06978441438832,25.860329374727932,25.994979858398438,524600,0.0,0
2017-06-27,25.852851064728963,26.17451580447891,25.605990883874398,25.635913848876953,697700,0.0,0
2017-06-28,25.81544765911216,26.16703538739117,25.658356362753484,25.97254180908203,743100,0.0,0
2017-06-29,25.84537372093948,26.024908690855586,25.3441768048434,25.576072692871094,919500,0.0,0
2017-06-30,25.591035444512272,25.815452027803783,25.37409817743208,25.703245162963867,1007500,0.0,0
2017-07-03,25.920177069743005,26.21191885305084,25.897733418527032,26.09222984313965,469000,0.0,0
2017-07-05,26.039864685579094,26.099707760525376,25.583549467968588,25.822927474975586,864700,0.0,0
2017-07-06,25.718202041032676,25.845370369121994,25.351652832896043,25.486303329467773,838400,0.0,0
2017-07-07,25.576070741414267,25.92765848496754,25.4788253748406,25.755605697631836,866300,0.0,0
2017-07-10,25.733162763992784,25.76308287620481,25.02250802055484,25.029987335205078,1358400,0.0,0
2017-07-11,25.052433399687988,25.052433399687988,24.626038229661553,24.940223693847656,1121400,0.0,0
2017-07-12,25.13471562094502,25.546149279408784,25.05991105773952,25.42646026611328,935800,0.0,0
2017-07-13,25.4114989040329,25.53118791789965,25.29928920507793,25.389055252075195,965300,0.0,0
2017-07-14,25.60599094035794,26.092229135083514,25.516224898763273,26.01742172241211,943900,0.0,0
2017-07-17,25.912695634938924,26.047346131601753,25.70324057506838,25.987503051757812,853400,0.0,0
2017-07-18,25.965060122595144,26.06978765544531,25.86033258974498,25.94261932373047,598100,0.0,0
2017-07-19,25.950099656693123,26.17451906858763,25.852854288724288,26.144596099853516,477900,0.0,0
2017-07-20,26.16703911367807,26.271766659497455,25.942622536406294,25.950101852416992,821100,0.0,0
2017-07-21,25.950102362439793,26.226885571672756,25.890259272343247,26.1820011138916,606300,0.0,0
2017-07-24,26.16703762654261,26.219401396476346,25.935138892827897,26.099712371826172,691500,0.0,0
2017-07-25,26.18199612839969,26.18199612839969,25.905215825482006,26.077268600463867,793800,0.0,0
2017-07-26,26.211916926508046,26.26428068614483,26.002459034350036,26.152070999145508,956600,0.0,0
2017-07-27,26.144600809415323,26.189482416989893,25.93514284415713,26.00246810913086,827700,0.0,0
2017-07-28,26.024904196545492,26.511139543378324,25.69575728414248,26.324125289916992,1752900,0.0,0
2017-07-31,26.324130209698392,27.46865959524116,26.324130209698392,27.25172233581543,2486700,0.0,0
2017-08-01,27.206837291243875,27.8651283712401,27.206837291243875,27.58086585998535,1540900,0.0,0
2017-08-02,27.550942756369704,27.6930725697827,27.29660324305457,27.61826515197754,1049000,0.0,0
2017-08-03,27.678111012989756,28.246633118748726,27.580862796905954,27.97733497619629,1239200,0.0,0
2017-08-04,27.939932792638256,28.10450627515132,27.506061139119502,27.67811393737793,1056700,0.0,0
2017-08-07,27.610782486128823,27.850160486831758,27.506054967522648,27.767873764038086,543700,0.0,0
2017-08-08,27.730474574804806,28.171828347806155,27.715513091393266,27.812761306762695,1014500,0.0,0
2017-08-09,27.92497210878593,28.70294930164367,27.86512617277541,28.65806770324707,1728200,0.0,0
2017-08-10,28.575780097970046,28.575780097970046,28.231674537220663,28.298999786376953,1283100,0.0,0
2017-08-11,28.2092336659623,28.23167732030103,27.745439044726524,27.775362014770508,1066500,0.0,0
2017-08-14,27.969856203870208,28.321443975287753,27.887569461316183,28.149391174316406,958000,0.0,0
2017-08-15,28.08954529155028,28.08954529155028,27.745439688889878,27.96985626220703,966400,0.0,0
2017-08-16,28.059619198330502,28.1568674156037,27.663149867802353,28.044660568237305,2085100,0.0,0
2017-08-17,28.02970155292138,28.22419515098429,27.745439044726524,27.775362014770508,1332800,0.0,0
2017-08-18,27.79032547551165,27.835207080156938,27.408814714356556,27.595829010009766,835000,0.0,0
2017-08-21,27.65566901298976,28.276554857293295,27.618263879005642,28.111984252929688,838500,0.0,0
2017-08-22,28.11198292249199,28.36631955843629,28.052136993838552,28.22418975830078,849200,0.0,0
2017-08-23,28.16435386809373,28.964774819552858,28.126948726337663,28.717914581298828,1312300,0.0,0
2017-08-24,28.70295424102273,29.024619068405094,28.55334222886157,28.822643280029297,1276400,0.0,0
2017-08-25,28.972245474984803,29.009647751948435,28.77775192260742,28.777751922607422,947600,0.0,0
2017-08-28,28.777754820265823,29.383679187475884,28.68050660747971,29.21910858154297,1781200,0.0,0
2017-08-29,29.19666561708674,29.49588957718601,29.15926333547712,29.353759765625,1368700,0.0,0
2017-08-30,29.256515395931302,29.608103167217813,29.151787852214866,29.555736541748047,1358000,0.0,0
2017-08-31,29.62306146255961,29.727791858698346,29.443529347830516,29.48841094970703,1388100,0.0,0
2017-09-01,29.50337028503418,29.59313918946901,29.391163434907604,29.50337028503418,901700,0.0,0
2017-09-05,29.57070171288131,29.91481021119825,29.473456326515908,29.5931453704834,1303200,0.0,0
2017-09-06,29.652980872113098,29.720306120454875,29.331316113770292,29.353759765625,1210600,0.0,0
2017-09-07,29.49589289234937,29.87740077342455,29.473452091583624,29.825037002563477,905600,0.0,0
2017-09-08,29.750235590826033,30.09434122263661,29.750235590826033,29.952211380004883,1379700,0.0,0
2017-09-11,29.95968656837293,30.214026098929182,29.929763599222454,30.206546783447266,937800,0.0,0
2017-09-12,30.199066582095455,30.25143035471506,29.929765549416572,30.027013778686523,1055700,0.0,0
2017-09-13,30.012048434120373,30.049450716380598,29.615579105661816,29.705345153808594,1376500,0.0,0
2017-09-14,29.70534398941995,29.773614814295865,29.242619831226502,29.6977596282959,1411500,0.55,0
2017-09-15,29.682588570979856,30.08462627298773,29.682588570979856,29.940500259399414,4769800,0.0,0
2017-09-18,29.970843464526027,30.243926795286388,29.788789839812583,29.902572631835938,1044800,0.0,0
2017-09-19,29.940502736286412,30.22117042541504,29.894987883850625,30.22117042541504,1276300,0.0,0
2017-09-20,30.274270147189903,30.41839617511711,29.902572746959464,30.130144119262695,1452200,0.0,0
2017-09-21,30.092217463191215,30.26668964251004,29.902576557896516,30.168075561523438,918700,0.0,0
2017-09-22,30.251511706930373,30.82801866543923,30.251511706930373,30.441152572631836,821400,0.0,0
2017-09-25,30.48666832035286,30.676309209641747,30.342542286221825,30.403228759765625,935900,0.0,0
2017-09-26,30.486661776642887,30.494249031052483,29.849468409652903,29.8570556640625,1038700,0.0,0
2017-09-27,29.803965912111074,29.872236755005208,28.886104608293778,28.92403221130371,1832000,0.0,0
2017-09-28,28.90885709204526,29.485364111607726,28.79507140309819,29.41709327697754,1042100,0.0,0
2017-09-29,29.379164189959894,29.6598318764673,29.280550124115084,29.508121490478516,1091300,0.0,0
2017-10-02,29.45501962905545,29.864641685572128,29.295719108181885,29.77361488342285,1018300,0.0,0
2017-10-03,29.690177059011635,29.79637549364715,29.35641013677283,29.546051025390625,809300,0.0,0
2017-10-04,29.553634849811115,29.690176518625982,29.189524697534893,29.599149703979492,1091400,0.0,0
2017-10-05,29.637073304449654,29.864641757213686,29.568802479251456,29.5915584564209,890800,0.0,0
2017-10-06,28.878513365969546,29.098497484234155,28.453716747288603,28.916440963745117,2530200,0.0,0
2017-10-09,28.924025458732523,29.295719932621374,28.924025458732523,29.068151473999023,976100,0.0,0
2017-10-10,29.14400748826209,29.462605654314533,29.14400748826209,29.432262420654297,635900,0.0,0
2017-10-11,29.485366279449376,29.796377239255396,29.363996219371185,29.53846549987793,1207500,0.0,0
2017-10-12,29.470192554109214,30.243927716945795,29.417093337475453,30.198415756225586,1329000,0.0,0
2017-10-13,30.34253416096759,30.34253416096759,29.948080869632264,30.23633575439453,889100,0.0,0
2017-10-16,30.236343354722518,30.31219855171638,30.054286830770856,30.198415756225586,651500,0.0,0
2017-10-17,30.175650401944797,30.448733682382432,30.039108761725977,30.42597770690918,998700,0.0,0
2017-10-18,30.547349648000093,31.161787067518684,30.517006416339704,30.941802978515625,2147100,0.0,0
2017-10-19,30.896293363219026,31.222475924581637,30.729408454515273,31.070762634277344,1021000,0.0,0
2017-10-20,31.139026954950157,31.230053752610885,30.941801744403627,31.04041290283203,848500,0.0,0
2017-10-23,31.101102519842662,31.10868688137999,30.34253904374894,30.38805389404297,1675500,0.0,0
2017-10-24,30.418395874288024,30.524597197367992,30.221170633091283,30.266685485839844,1692400,0.0,0
2017-10-25,30.160485264038375,30.463911839394388,29.591562605513563,30.198415756225586,1868600,0.0,0
2017-10-26,30.304611252618802,30.42598129226096,30.077042790001,30.084627151489258,948400,0.0,0
2017-10-27,29.86464491406332,30.357712358580102,29.83430457252689,30.342540740966797,1065000,0.0,0
2017-10-30,30.281848812406174,30.448733682382432,30.160478787066076,30.42597770690918,1037200,0.0,0
2017-10-31,30.365296720541664,30.38046833815497,30.031529814119494,30.342540740966797,1151000,0.0,0
2017-11-01,30.479083457531218,30.592869146712292,30.160485264038375,30.198415756225586,827000,0.0,0
2017-11-02,30.28185594115746,30.55493928588254,30.145317162485256,30.25909996032715,913500,0.0,0
2017-11-03,30.09220534689847,30.44873103128237,30.008765812864887,30.43355941772461,593800,0.0,0
2017-11-06,30.448734579059543,31.002485516836614,30.448734579059543,30.82801628112793,929600,0.0,0
2017-11-07,30.82042923222804,31.07075362904183,30.638372757890245,30.797670364379883,1007000,0.0,0
2017-11-08,30.797678436214202,31.040418536491913,30.797678436214202,30.9266357421875,993300,0.0,0
2017-11-09,30.79009514799415,31.10110609317832,30.74458029247073,30.820438385009766,614000,0.0,0
2017-11-10,30.653552171452375,30.972150359185992,30.653552171452375,30.84319305419922,931300,0.0,0
2017-11-13,30.903876439657065,31.123857642471997,30.84318997426678,31.093517303466797,752200,0.0,0
2017-11-14,30.964564968380014,31.237648318973495,30.820438930540302,31.101106643676758,1164600,0.0,0
2017-11-15,31.101095457225316,31.101095457225316,30.729398165122966,30.744569778442383,812200,0.0,0
2017-11-16,30.790092206764296,31.093518760554854,30.342539631452766,30.964561462402344,1517600,0.0,0
2017-11-17,30.850777652294312,30.934220104331693,30.570109953915132,30.9266357421875,1352800,0.0,0
2017-11-20,30.911458513953477,31.04041290283203,30.69147443372447,31.04041290283203,765400,0.0,0
2017-11-21,31.101103965126562,31.503141700158324,30.941806322229844,31.366600036621094,1839400,0.0,0
2017-11-22,31.32108969089203,31.351432927394082,30.71423942930253,31.207304000854492,980200,0.0,0
2017-11-24,31.29074374586162,31.487968978672516,31.214888554862824,31.43486976623535,511900,0.0,0
2017-11-27,31.404525218890797,31.450037169916968,30.501832941009514,30.721817016601562,2999900,0.0,0
2017-11-28,30.79768144208429,31.15420726515377,30.759753840281064,30.858367919921875,1279900,0.0,0
2017-11-29,30.873535453044603,30.949390646611064,30.653551340535653,30.73699378967285,1191900,0.0,0
2017-11-30,30.774918727886728,31.04800203103924,30.759747111746044,31.002487182617188,1408100,0.0,0
2017-12-01,31.017655469664298,31.19971195012267,30.60803055890016,30.911457061767578,1260600,0.0,0
2017-12-04,31.032824644132614,31.1541946569986,30.729398165122966,30.744569778442383,1626000,0.0,0
2017-12-05,30.759749319867606,30.82043578878678,30.60045167948992,30.608036041259766,762000,0.0,0
2017-12-06,30.60044807278536,30.661131640861996,30.395635604858395,30.3956356048584,982600,0.0,0
2017-12-07,30.3956407010537,30.45632717299492,30.21358707261054,30.334957122802734,725000,0.0,0
2017-12-08,30.395631830674905,30.463902644840136,30.281846175836392,30.43355941772461,1050700,0.0,0
2017-12-11,30.524590981920205,30.911457023593293,30.372877730673853,30.8735294342041,801900,0.0,0
2017-12-12,29.098500814638978,29.955678512186275,28.514406482235284,28.673704147338867,8606900,0.0,0
2017-12-13,28.787488909037943,29.144011829740574,28.6357756118266,29.083328247070312,7927000,0.0,0
2017-12-14,29.220450381448114,29.92919703661282,29.205042462149738,29.243560791015625,4013300,0.588,0
2017-12-15,29.328301989754543,29.39763615511784,28.889186588707,29.027854919433594,6050800,0.0,0
2017-12-18,29.13570294665247,29.57481828039357,29.13570294665247,29.228147506713867,2340800,0.0,0
2017-12-19,29.25126874521346,29.53630792993969,29.09719247768888,29.23586082458496,1531600,0.0,0
2017-12-20,29.22044959679053,29.336007519045232,28.634960434214776,28.64266586303711,2254400,0.0,0
2017-12-21,28.719703495016446,28.827555992115222,28.450072252269514,28.619556427001953,1488800,0.0,0
2017-12-22,28.665776526100505,29.058671114241385,28.65807403596993,29.012447357177734,2339900,0.0,0
2017-12-26,29.06637360437196,29.2743761030183,28.88918694376806,29.012447357177734,1148400,0.0,0
2017-12-27,29.097198392885012,29.235866767971117,28.75052745516975,28.850677490234375,1376300,0.0,0
2017-12-28,28.858371272682415,29.305192110602558,28.850668782507277,29.258968353271484,1186000,0.0,0
2017-12-29,29.297482889597482,29.374522475177784,29.043259604081737,29.066370010375977,1084900,0.0,0
2018-01-02,29.120305022134897,29.228157535673525,28.858376229786547,28.973934173583984,1307700,0.0,0
2018-01-03,28.958522298627823,29.035558958135926,28.511701444952305,28.581035614013672,1869700,0.0,0
2018-01-04,28.60415116047224,28.719706158612247,28.419259049183655,28.44236946105957,1827800,0.0,0
2018-01-05,28.503998435144805,28.627258851367998,28.165033025221057,28.34992218017578,1893200,0.0,0
2018-01-08,28.280592348797157,28.58874490598594,28.064887322021356,28.534818649291992,1442600,0.0,0
2018-01-09,28.565626173675003,28.719699468638474,28.36532618820693,28.373031616210938,1122500,0.0,0
2018-01-10,28.31140390725203,28.334514316977153,27.918512248124216,28.15732765197754,1358700,0.0,0
2018-01-11,28.1188092253099,28.257477560699908,27.856880473879894,28.18044090270996,1949200,0.0,0
2018-01-12,28.180443384659146,28.1958483666058,27.772140832823442,27.903106689453125,1665100,0.0,0
2018-01-16,28.010960490426,28.58874431922601,27.887700057832422,27.910810470581055,1346000,0.0,0
2018-01-17,28.04177453398738,28.04177453398738,27.772140334591917,27.98784828186035,1882100,0.0,0
2018-01-18,27.887694741528385,27.903102660010394,27.17124269529466,27.194353103637695,2975500,0.0,0
2018-01-19,27.248283143348598,27.618064422130114,27.20206232022614,27.340730667114258,1750100,0.0,0
2018-01-22,27.425466172829843,27.91851075102119,27.41776368292122,27.587247848510742,1891500,0.0,0
2018-01-23,27.749024920352035,28.080287802985058,27.594948682585077,28.00324821472168,1691400,0.0,0
2018-01-24,27.995544253661173,28.041768004189404,27.46398434700495,27.556428909301758,1685700,0.0,0
2018-01-25,27.556431396086982,27.710507639659127,27.50250515165072,27.59494972229004,1015900,0.0,0
2018-01-26,27.725918552309597,27.725918552309597,27.217468950740574,27.548728942871094,1788800,0.0,0
2018-01-29,27.548726545771974,27.556431974430254,26.200564529050887,26.254493713378906,3653500,0.0,0
2018-01-30,26.269903735887553,26.43168544240692,25.861604101421786,26.138940811157227,2807600,0.0,0
2018-01-31,26.200568495108286,26.99406025770553,26.200568495108286,26.98635482788086,3380100,0.0,0
2018-02-01,26.917018733405957,27.047984582240463,26.6088691538875,26.67049789428711,2055300,0.0,0
2018-02-02,26.470200333819964,26.539534502235494,25.746042810644393,25.93093490600586,2364200,0.0,0
2018-02-05,25.830785358691145,26.40086663568032,25.2144832611084,25.2144832611084,2002700,0.0,0
2018-02-06,24.813887127852734,26.031086389323423,24.690626703543327,25.50722885131836,3135100,0.0,0
2018-02-07,25.383968641444795,26.138939114062715,25.19907653403861,25.561155319213867,2566700,0.0,0
2018-02-08,25.576564048637703,25.638192793882,24.698333122893303,24.706035614013672,2103900,0.0,0
2018-02-09,24.906330671316365,25.722929749877654,24.58277027246842,25.49951934814453,2365000,0.0,0
2018-02-12,25.591970044791374,25.79226712522095,25.191372945172002,25.65359878540039,2607800,0.0,0
2018-02-13,25.615079114589907,26.03108411227965,25.37626077767319,25.838489532470703,1686900,0.0,0
2018-02-14,25.615079042622433,25.692115698825546,25.214481965094123,25.56885528564453,1441200,0.0,0
2018-02-15,25.75375095912402,25.992569328607765,25.468711764989557,25.977161407470703,2561500,0.0,0
2018-02-16,26.8630894633427,27.15583402891856,25.522632918684593,25.55344581604004,3047900,0.0,0
2018-02-20,25.229889867239745,25.538042369366543,24.567364044799167,24.744550704956055,3840300,0.0,0
2018-02-21,24.567363881215297,24.92173719916945,24.228398482140893,24.243804931640625,2912700,0.0,0
2018-02-22,24.420996395269324,24.6752197446054,24.14365969507692,24.328550338745117,2293400,0.0,0
2018-02-23,24.48262334468658,24.68292188262592,24.467215425757395,24.62129020690918,1550600,0.0,0
2018-02-26,24.71373833929724,24.883219574241867,24.505734367305028,24.613588333129883,1854100,0.0,0
2018-02-27,24.675222423948316,24.85240912636418,23.89714143170816,23.920251846313477,2316600,0.0,0
2018-02-28,24.04351035562229,24.31314310292108,23.84321325470574,24.23610496520996,2543300,0.0,0
2018-03-01,24.159064401598805,24.721440218269027,23.997284191552016,24.3670654296875,2161600,0.0,0
2018-03-02,24.25150703075299,24.336249108711055,23.958763941394075,24.30543327331543,2046600,0.0,0
2018-03-05,24.182177100518203,24.829295063223274,24.08202855672392,24.729145050048828,1724600,0.0,0
2018-03-06,24.73684781070156,24.98336863287139,24.55965968405949,24.952552795410156,1310700,0.0,0
2018-03-07,24.8369998644381,25.229891538858947,24.759960264422073,25.19907569885254,2005000,0.0,0
2018-03-08,25.268409869486835,25.337744040121134,25.05270486696247,25.19907569885254,1612400,0.0,0
2018-03-09,25.237593199004536,25.615079879760742,25.075814452434802,25.615079879760742,2629400,0.0,0
2018-03-12,25.64589515478472,25.71522932161279,25.314632239801746,25.430187225341797,2106300,0.0,0
2018-03-13,25.53033876339562,25.707525436203873,25.514930843313127,25.591970443725586,1623100,0.0,0
2018-03-14,25.65314052098334,25.872735326578468,25.527659057092162,25.864891052246094,1999100,0.588,0
2018-03-15,25.8648950447537,25.951164125441778,25.58256095948891,25.7943115234375,1758100,0.0,0
2018-03-16,25.44138909155106,25.559029268670844,24.994362701095238,25.504131317138672,5377900,0.0,0
2018-03-19,25.276699702834552,25.276699702834552,24.570865994694298,24.672819137573242,1926800,0.0,0
2018-03-20,24.680659499104625,24.892410039557916,24.602234702661573,24.884567260742188,1367900,0.0,0
2018-03-21,24.876726260626175,25.07279125746677,24.617920524630875,24.79045867919922,1446800,0.0,0
2018-03-22,24.67281688930046,25.119844813859306,24.641447269679773,24.813983917236328,2231900,0.0,0
2018-03-23,24.837509428627214,24.994361996460317,24.13951864306949,24.225786209106445,1836700,0.0,0
2018-03-26,24.406168839357044,24.58654825804002,24.272844596013744,24.523807525634766,1249100,0.0,0
2018-03-27,24.727717485217685,25.378653202921253,24.508124154286687,25.017892837524414,2202700,0.0,0
2018-03-28,25.127688316338105,25.89626267163828,25.119844041852613,25.653141021728516,1776500,0.0,0
2018-03-29,25.72372198889028,25.951158059044822,25.645297202078158,25.77077865600586,1901700,0.0,0
2018-04-02,25.778619783299124,25.841362005743374,25.35512174865577,25.386489868164062,2050600,0.0,0
2018-04-03,25.43355139417225,25.84920822627978,25.2139595570912,25.739412307739258,1569900,0.0,0
2018-04-04,25.519818051285917,26.24918000297539,25.48844693704432,26.115854263305664,1390400,0.0,0
2018-04-05,26.147226904829953,26.53151559745086,25.974688758137184,26.484458923339844,1680200,0.0,0
2018-04-06,26.48445974880432,26.907960853860224,26.249182354344722,26.296236038208008,2219900,0.0,0
2018-04-09,26.343292758699526,26.531516469616747,26.045273129628256,26.131542205810547,1183800,0.0,0
2018-04-10,26.335448254968714,26.437399885522556,26.202122519431654,26.241334915161133,1460900,0.0,0
2018-04-11,26.17859568704261,26.4530854489333,26.006057555731875,26.3040771484375,797700,0.0,0
2018-04-12,26.351132945257614,26.351132945257614,25.762937986732094,26.006059646606445,1554500,0.0,0
2018-04-13,26.155065536499023,26.178595367026322,25.841363382703612,26.155065536499023,784300,0.0,0
2018-04-16,26.26486221043008,26.656992113297747,26.131536487763935,26.358972549438477,1332900,0.0,0
2018-04-17,26.44524738646093,26.97070013512086,26.194284433113744,26.845218658447266,1193000,0.0,0
2018-04-18,26.900112781707687,27.268715875750726,26.86874166908403,27.072650909423828,1164300,0.0,0
2018-04-19,26.947169811580157,26.98638220702796,26.33544806579515,26.476612091064453,1102900,0.0,0
2018-04-20,26.55504379562565,26.570729354464195,26.04527360437347,26.147228240966797,1304300,0.0,0
2018-04-23,26.20996332365649,26.358974613109236,26.053113743600502,26.225648880004883,1173500,0.0,0
2018-04-24,26.33544806579515,26.59425226912188,26.257020283185533,26.476612091064453,1718400,0.0,0
2018-04-25,26.398189677675912,26.56288354841797,26.33545043765172,26.492300033569336,1994500,0.0,0
2018-04-26,26.64130907675284,27.14323492119955,26.39818743697408,26.923643112182617,1721500,0.0,0
2018-04-27,26.798163354586627,27.213823198113275,26.727582825076986,27.056970596313477,1551300,0.0,0
2018-04-30,27.127550831597432,27.135392114466068,26.60993940255617,26.617780685424805,1540700,0.0,0
2018-05-01,26.641313978536445,26.821693425090693,26.484461375358748,26.75895118713379,1362100,0.0,0
2018-05-02,26.625620677383267,26.813841353097814,26.43739700995502,26.664833068847656,2022500,0.0,0
2018-05-03,26.656997294462165,26.939328366362382,26.60994061995497,26.900115966796875,1165500,0.0,0
2018-05-04,26.86090197622102,27.22950509207535,26.743261792778192,27.04912567138672,1054600,0.0,0
2018-05-07,27.11186329628705,27.166761247505146,26.915798330018433,27.00990867614746,1450800,0.0,0
2018-05-08,27.002067157598372,27.072650664506067,26.194280460987812,26.264863967895508,2011200,0.0,0
2018-05-09,26.382500969815027,26.60993704514093,26.045268993770115,26.209962844848633,1632700,0.0,0
2018-05-10,26.39034969053655,26.555043569366358,26.280550779602258,26.445247650146484,1166600,0.0,0
2018-05-11,26.53151642438199,26.711895859858164,26.178598836835402,26.296236038208008,1076000,0.0,0
2018-05-14,26.29623365280614,26.500142903431186,26.060956279689183,26.280548095703125,738000,0.0,0
2018-05-15,26.092324745485858,26.131537138406216,25.511971158437603,25.68450927734375,2107200,0.0,0
2018-05-16,25.786463087085973,26.01389615560763,25.535500190175807,25.58255386352539,1199700,0.0,0
2018-05-17,25.582560339412957,25.708041819632022,25.064948859545012,25.13553237915039,1206600,0.0,0
2018-05-18,25.190427647452466,25.261011159513995,24.994364164440206,25.159059524536133,1014200,0.0,0
2018-05-21,25.261012644401372,25.692355024926155,25.135531170217536,25.629615783691406,1355100,0.0,0
2018-05-22,25.621768502544477,25.645298332996823,25.30806634974835,25.504131317138672,1260000,0.0,0
2018-05-23,25.51197319207089,25.802151504582877,25.4649195135012,25.778621673583984,903200,0.0,0
2018-05-24,25.755095145305575,25.91194772309807,25.708038474453602,25.864891052246094,1014600,0.0,0
2018-05-25,25.911950284917875,26.068802878217813,25.802154367122235,25.872737884521484,929400,0.0,0
2018-05-29,25.896259604285085,26.14722250724021,25.68450909397036,26.08448028564453,1251700,0.0,0
2018-05-30,26.08448139703207,26.484455597461828,25.574714287559488,26.272705078125,1676400,0.0,0
2018-05-31,26.202123504708553,26.42955959689143,26.03742964142335,26.108013153076172,3084800,0.0,0
2018-06-01,26.155065976817035,26.758946447474806,25.998216393135777,26.62562370300293,1245700,0.0,0
2018-06-04,26.78247637301468,27.11970836420602,26.78247637301468,27.11186408996582,1454300,0.0,0
2018-06-05,27.151077782088777,27.198134454634083,26.94717151782084,27.0020694732666,1444300,0.0,0
2018-06-06,27.01775327135716,27.205973965852863,26.868741980524565,27.158920288085938,1216700,0.0,0
2018-06-07,27.205974889731916,27.417725422015852,27.0883376996058,27.29224395751953,2233700,0.0,0
2018-06-08,27.1353899789642,27.31577237960309,26.955010570039253,27.143234252929688,1690200,0.0,0
2018-06-11,27.14323455958106,27.229503623892388,27.01775310014112,27.16676139831543,1404900,0.0,0
2018-06-12,27.16676641062534,27.55889641768798,27.13539529204884,27.449100494384766,1897000,0.0,0
2018-06-13,27.503993381506636,27.535364494295116,27.009908826087013,27.16676139831543,2874000,0.0,0
2018-06-14,27.28483585786742,27.476306681642562,27.00560326174902,27.117298126220703,1801600,0.588,0
2018-06-15,26.798176860361313,26.973694323746724,26.526923982117484,26.534900665283203,3100100,0.0,0
2018-06-18,26.5189463021929,26.74232994292429,26.375341663615906,26.630638122558594,1680100,0.0,0
2018-06-19,26.495011155703665,27.189101282522163,26.44714496997409,26.98965072631836,2848100,0.0,0
2018-06-20,26.99763043444012,27.452377510067155,26.941784515915696,27.38057518005371,1420800,0.0,0
2018-06-21,27.42046061573101,27.75553912049978,27.380571114618355,27.68373680114746,1177900,0.0,0
2018-06-22,27.739590070535947,28.026799424140233,27.667787732134876,27.923084259033203,2155300,0.0,0
2018-06-25,27.947012285278344,28.042750748020662,27.77149785699898,27.867233276367188,1324500,0.0,0
2018-06-26,27.891165821161447,27.970947871875726,27.54013392814077,27.588003158569336,1488000,0.0,0
2018-06-27,27.66778061538957,27.92307707662019,27.44439697265625,27.44439697265625,1597800,0.0,0
2018-06-28,27.484285468565826,27.715648829145877,27.25292210798578,27.64384651184082,1232700,0.0,0
2018-06-29,27.62789240915473,28.218264362162053,27.284837202661006,27.931055068969727,2026200,0.0,0
2018-07-02,27.843301773071293,27.96297029327475,27.460353986972226,27.84330177307129,1487400,0.0,0
2018-07-03,27.779475132692347,28.497498401694692,27.7316059003008,28.369850158691406,840900,0.0,0
2018-07-05,28.441648802511452,28.513451120113572,28.018811579577285,28.4655818939209,2285200,0.0,0
2018-07-06,28.53738417424338,28.792680626856573,28.505471356823286,28.633119583129883,973800,0.0,0
2018-07-09,28.720880377782535,29.13573790399983,28.521429819603487,29.119781494140625,2012500,0.0,0
2018-07-10,29.119778646064926,29.231470460781274,28.800656566840765,29.087865829467773,1453600,0.0,0
2018-07-11,28.944262272323677,29.29529718117248,28.7926809529223,29.21551513671875,1345600,0.0,0
2018-07-12,29.303272868133032,29.367098501527067,29.10382232883724,29.31125259399414,2108200,0.0,0
2018-07-13,29.359122160862082,29.478793715587535,29.167651325350228,29.231473922729492,1437600,0.0,0
2018-07-16,29.191579371229984,29.21551246068702,28.840547537908197,29.008085250854492,1231500,0.0,0
2018-07-17,28.92830835357908,28.92830835357908,27.835320119156,27.947011947631836,3455200,0.0,0
2018-07-18,27.85127453184492,28.01083557966939,27.476306525963494,27.68373680114746,2346600,0.0,0
2018-07-19,27.691720662051587,28.3858109434986,27.42046772345008,28.258159637451172,1761400,0.0,0
2018-07-20,28.194334484363473,28.194334484363473,27.74756408362499,27.88319206237793,1328100,0.0,0
2018-07-23,27.74756349488502,27.859255331856204,27.564069327950318,27.771499633789062,994800,0.0,0
2018-07-24,27.84330031236848,28.050727562530426,27.635870018832414,27.962968826293945,1456700,0.0,0
2018-07-25,28.082638242634328,28.25815265835233,27.899144100571846,28.202306747436523,1193600,0.0,0
2018-07-26,28.22624332161502,28.513452607000563,28.098595088485215,28.282089233398438,1496600,0.0,0
2018-07-27,28.720881936776983,28.720881936776983,26.33545179238782,27.492265701293945,4936400,0.0,0
2018-07-30,27.500246386982198,28.058705564965457,27.42844405790231,27.85127830505371,3275500,0.0,0
2018-07-31,27.843297916479344,28.337934426898002,27.72362636947738,28.010835647583008,5369100,0.0,0
2018-08-01,27.80340298398315,28.186350684150188,27.460347824973148,28.16241455078125,2493500,0.0,0
2018-08-02,28.154443642042217,28.665036622471135,28.106574408861672,28.385807037353516,1323200,0.0,0
2018-08-03,28.44962659049188,28.888417195830698,28.377824270100156,28.52940559387207,1576200,0.0,0
2018-08-06,28.569295235165047,28.864481169717838,28.553338827436033,28.728853225708008,1387100,0.0,0
2018-08-07,28.744814255903517,28.784706803327985,28.545363692277487,28.665035247802734,1514400,0.0,0
2018-08-08,28.481542460340382,28.61716738929059,28.258155748872063,28.385807037353516,1200100,0.0,0
2018-08-09,28.40973731477692,28.68099018915059,28.242199580321575,28.29006576538086,1766700,0.0,0
2018-08-10,28.07466160464862,28.07466160464862,27.47630988469416,27.603958129882812,2499600,0.0,0
2018-08-13,27.165166763212465,28.122530098649843,27.125277258272188,27.78745460510254,1952800,0.0,0
2018-08-14,27.89116609695816,28.24220103682403,27.755541174463858,28.170398712158203,1303200,0.0,0
2018-08-15,28.15444445632721,28.513456107129098,28.08264212616683,28.36187171936035,1107700,0.0,0
2018-08-16,28.48154230136843,28.816617801639325,28.40176024651283,28.78470802307129,958500,0.0,0
2018-08-17,28.824595055875267,29.12775770819481,28.80863864627309,29.103824615478516,1026900,0.0,0
2018-08-20,29.24743098787776,29.35912281832322,29.159672251563723,29.175628662109375,695400,0.0,0
2018-08-21,29.20754267212152,29.327211191023963,28.952246179747206,28.968202590942383,1045200,0.0,0
2018-08-22,28.984154308043532,29.055953581732282,28.680988631182526,28.70492172241211,742400,0.0,0
2018-08-23,28.712905695388354,28.800661390668203,28.60919054576318,28.78470802307129,1055300,0.0,0
2018-08-24,28.80066368754313,28.920335257683323,28.569303318446245,28.64110565185547,872800,0.0,0
2018-08-27,28.641102678579298,28.665035772773027,28.26613463821551,28.51345443725586,1154800,0.0,0
2018-08-28,28.513456981876523,28.912358152033093,28.433674921820565,28.8884220123291,1370600,0.0,0
2018-08-29,28.96022286365767,29.119783932235176,28.840554344755226,28.968202590942383,939900,0.0,0
2018-08-30,29.02404734497371,29.02404734497371,28.59323339009642,28.680992126464844,1145500,0.0,0
2018-08-31,28.609188349481386,28.83257199917984,28.57727552998904,28.8006591796875,1212600,0.0,0
2018-09-04,28.816616473570814,29.247430419813547,28.800660063335076,29.000110626220703,1551000,0.0,0
2018-09-05,28.944268747551224,29.223501400546724,28.82460021915986,29.15169906616211,1226800,0.0,0
2018-09-06,29.19956007669416,29.35114444647175,28.93628692626953,28.93628692626953,1312600,0.0,0
2018-09-07,28.80065903488648,28.88841776636221,28.0108365383528,28.21028709411621,1748800,0.0,0
2018-09-10,28.417714838623496,28.816615957247418,28.40175842867366,28.657054901123047,2127600,0.0,0
2018-09-11,28.529405926918933,28.641100793678554,28.242199685373137,28.449626922607422,1225900,0.0,0
2018-09-12,28.40175885980003,28.776726890878052,28.329956535622838,28.73683738708496,1585900,0.0,0
2018-09-13,28.848525648938345,29.07190927726531,28.64109842883098,28.992130279541016,1769900,0.0,0
2018-09-14,29.031058580919368,29.031058580919368,28.690472220406043,28.909421920776367,1510500,0.588,0
2018-09-17,28.96618765078067,29.08782431653635,28.836440017918072,29.014841079711914,1337200,0.0,0
2018-09-18,29.02295190910313,29.160807414990945,28.495850413046934,28.585052490234375,1415600,0.0,0
2018-09-19,28.585052469178677,28.682362419935316,27.960641022754107,28.057950973510742,2040900,0.0,0
2018-09-20,28.22012964576883,28.876978619006163,27.976853279415796,28.812103271484375,1844900,0.0,0
2018-09-21,28.77156668539862,29.24190382111301,28.714802285354168,29.120264053344727,2845600,0.0,0
2018-09-24,28.998620830425256,29.112152710414772,28.479630324182892,28.568832397460938,1314400,0.0,0
2018-09-25,28.568836380183146,28.601274064702224,28.139047887302908,28.14715576171875,1416500,0.0,0
2018-09-26,28.195804599087527,28.293114532679045,27.81466964349914,27.82278060913086,1261300,0.0,0
2018-09-27,27.89576602821885,28.04984035965077,27.61194098388352,27.644378662109375,1188400,0.0,0
2018-09-28,27.571393903844214,28.001182289507472,27.47408396799023,27.993074417114258,1713400,0.0,0
2018-10-01,28.0741708424795,28.317447274995345,27.87143996647835,27.87955093383789,2099100,0.0,0
2018-10-02,27.895767349033704,27.9768584550106,27.603834418033035,27.611942291259766,1132300,0.0,0
2018-10-03,27.6930356972942,27.749800088537278,27.117277725014315,27.336227416992188,1487300,0.0,0
2018-10-04,27.206478505691333,27.34433708748193,26.922656562927124,27.182151794433594,1467700,0.0,0
2018-10-05,27.190259678020222,27.279461743904175,26.97942096237129,26.99563980102539,1541000,0.0,0
2018-10-08,27.1253909361266,27.693037988958864,27.02808098500402,27.498414993286133,1475400,0.0,0
2018-10-09,27.522739663979987,27.547069470024674,27.133496794965733,27.206480026245117,1325100,0.0,0
2018-10-10,27.165935477189226,27.24702658452627,26.273920922771904,26.31446647644043,2901200,0.0,0
2018-10-11,26.35500983586387,26.403666352271568,25.527867617496266,25.544086456298828,3900800,0.0,0
2018-10-12,25.909002150964422,25.94954770056112,25.43055724149824,25.617069244384766,3135200,0.0,0
2018-10-15,25.60896611502158,26.022537318683426,25.57652997672019,25.811697006225586,2365000,0.0,0
2018-10-16,25.965770866457483,26.17660961555431,25.779258832487457,26.071191787719727,2070400,0.0,0
2018-10-17,26.03063986793943,26.09551522469807,25.673834686048746,25.73870849609375,1636700,0.0,0
2018-10-18,25.706273852501607,25.941440847510364,25.657617332116022,25.787364959716797,2842700,0.0,0
2018-10-19,25.844128485832293,26.176605397125087,25.844128485832293,26.09551429748535,2484100,0.0,0
2018-10-22,26.13606138427083,26.298246686514982,25.746818514941268,25.771146774291992,1593500,0.0,0
2018-10-23,25.625179289276197,26.14417130772365,25.617069869816156,25.973875045776367,1654500,0.0,0
2018-10-24,26.038750122350013,26.598286138672847,25.998204572198013,26.152278900146484,2170400,0.0,0
2018-10-25,26.41988861063891,27.084845620474425,26.038753583015772,26.51719856262207,4212200,0.0,0
2018-10-26,26.19282603573611,26.21715584204173,24.50610537187101,24.71694564819336,5514300,0.0,0
2018-10-29,24.838582630662735,25.69816253338859,24.838582630662735,25.43866729736328,3100200,0.0,0
2018-10-30,25.511651487286606,25.933332060641863,25.260265646011412,25.633291244506836,2293700,0.0,0
2018-10-31,25.690052564033476,25.771145210234017,24.806145968546083,24.822364807128906,2844200,0.0,0
2018-11-01,24.919674654983844,25.617069244384766,24.733162652097317,25.617069244384766,1964000,0.0,0
2018-11-02,25.70627221093616,25.803582152065804,24.88723939731244,25.284591674804688,1910600,0.0,0
2018-11-05,25.414340531145083,25.763037855045106,25.31702903856524,25.649507522583008,1223100,0.0,0
2018-11-06,25.706272364428067,25.86034669658892,25.560305905148404,25.73870849609375,1358000,0.0,0
2018-11-07,25.909001431015255,26.079294590645635,25.56841356504097,26.054967880249023,1183400,0.0,0
2018-11-08,25.998205168624995,26.192825051190255,25.836019870869105,26.184717178344727,1228600,0.0,0
2018-11-09,26.176609293674737,26.711818673876827,26.144174705047053,26.573963165283203,1762700,0.0,0
2018-11-12,26.5090834471284,26.768578674094243,26.460430025464255,26.49286460876465,1628500,0.0,0
2018-11-13,26.582067050749625,26.76047118185871,26.411773885651225,26.65505027770996,1453800,0.0,0
2018-11-14,26.760473219966844,26.865894132144565,26.484759129721,26.622617721557617,2448000,0.0,0
2018-11-15,26.525303417906503,26.833455173119177,25.909003000908406,26.792909622192383,2204700,0.0,0
2018-11-16,26.703709518314994,27.636272725363085,26.703709518314994,27.457868576049805,2995500,0.0,0
2018-11-19,27.506521273712327,27.652487738655278,26.98753077321623,27.13349723815918,1595000,0.0,0
2018-11-20,27.11727926419049,27.63627287468536,26.841565165320006,26.84967613220215,2065700,0.0,0
2018-11-21,26.719927355298015,26.922658210659264,26.36311907006871,26.411775588989258,1898800,0.0,0
2018-11-23,26.40367013250129,26.54152564191915,26.046861814614797,26.290138244628906,794700,0.0,0
2018-11-26,26.452320173575252,26.979421615600586,26.419885588908915,26.979421615600586,2045400,0.0,0
2018-11-27,27.003748365326242,27.157825789773202,26.84156306805814,27.117277145385742,1187100,0.0,0
2018-11-28,27.101057854152394,27.611940449323633,27.08484210878066,27.376771926879883,1207000,0.0,0
2018-11-29,27.33622801564763,27.620053071506035,27.198372517731816,27.36866569519043,1354100,0.0,0
2018-11-30,27.48219419115719,27.571396262248133,27.32000888857614,27.547069549560547,2087200,0.0,0
2018-12-03,27.684922912910746,27.693033878799895,27.068622522701368,27.49030303955078,2082400,0.0,0
2018-12-04,27.49030738483699,28.009297920401202,27.42543202117766,27.50652313232422,1976600,0.0,0
2018-12-06,27.425427291468136,27.92009102706563,26.833453620591037,27.887653350830078,2542500,0.0,0
2018-12-07,27.8390029561644,27.847110829391127,27.44164911265184,27.611942291259766,1600000,0.0,0
2018-12-10,27.717361074170046,27.77412546267799,27.157825061694403,27.55517578125,1394000,0.0,0
2018-12-11,27.701143457442345,28.139042839614223,27.701143457442345,27.944419860839844,1792700,0.0,0
2018-12-12,28.12282425433728,28.244464003848623,27.6200526036499,27.62816047668457,1786800,0.0,0
2018-12-13,27.782236720091557,28.382321448978068,27.676818896263185,28.34177589416504,2455600,0.0,0
2018-12-14,28.383864386357814,28.912089341447547,28.26831557099057,28.903837203979492,2563400,0.611,0
2018-12-17,28.903838101709717,29.035894344583713,27.43471200617787,27.54200553894043,2751300,0.0,0
2018-12-18,27.79786694176313,28.350851495884545,27.608036282207898,27.98769760131836,2887100,0.0,0
2018-12-19,27.97944551063214,28.1940357331323,27.401698244481906,27.45947265625,2155000,0.0,0
2018-12-20,27.508994867078876,27.525499143144053,26.3947673245215,26.75792121887207,2849200,0.0,0
2018-12-21,26.832201549437755,27.641049563894608,26.47730296150309,26.518569946289062,3856900,0.0,0
2018-12-24,26.460795448304836,26.675385657546816,25.264034002748843,25.288793563842773,1484700,0.0,0
2018-12-26,25.387838322511303,26.510316441293767,25.22276722380831,26.46904945373535,2226700,0.0,0
2018-12-27,26.32873934878834,26.543331146240234,25.59417626945141,26.543331146240234,1890200,0.0,0
2018-12-28,26.733160018920895,27.112821314552,26.452540115961142,26.7331600189209,1794100,0.0,0
2018-12-31,26.733162603567123,26.840459292608514,26.303980570105672,26.749670028686523,1380900,0.0,0
2019-01-02,26.411274772062917,26.57634586908217,26.064626727710206,26.49380874633789,2250000,0.0,0
2019-01-03,26.403022349740645,27.203613588658197,26.39476863706297,26.91474151611328,1889100,0.0,0
2019-01-04,27.06330593899914,27.58327568385834,27.030291087381862,27.38519287109375,1693600,0.0,0
2019-01-07,27.459471288389672,28.028963239650594,27.409949017139922,27.690568923950195,1796800,0.0,0
2019-01-08,27.814372593038016,28.41687938238022,27.7731056085429,28.30133056640625,1804600,0.0,0
2019-01-09,28.474654344299832,28.59845844866271,28.00420378527154,28.40862464904785,1525900,0.0,0
2019-01-10,28.25181098028847,28.738768999925224,28.086739878154596,28.647979736328125,1305500,0.0,0
2019-01-11,28.68099293235095,28.88733101100096,28.36735817123156,28.74702262878418,1291000,0.0,0
2019-01-14,28.68099089859543,28.887328962614102,28.54893466356224,28.697498321533203,1209700,0.0,0
2019-01-15,28.76352977230932,29.002882723040777,28.672743653365572,28.755277633666992,1620800,0.0,0
2019-01-16,28.804794588588322,29.110174037441208,28.62321608731252,28.92034339904785,1196100,0.0,0
2019-01-17,28.837807368750052,29.291753638990944,28.78828824724673,29.242231369018555,1412000,0.0,0
2019-01-18,29.242230827639933,29.481583738704927,29.184456421309626,29.41555404663086,1676700,0.0,0
2019-01-22,29.44856971143455,29.57237381328109,29.11842753882318,29.35778045654297,2496300,0.0,0
2019-01-23,29.357779770670867,29.465076446533203,29.101919435451144,29.465076446533203,1446700,0.0,0
2019-01-24,29.481589022115955,29.720938827605945,29.1844616514723,29.638404846191406,1399800,0.0,0
2019-01-25,29.77045563461317,29.894259732453044,29.588877130706422,29.753948211669922,1609800,0.0,0
2019-01-28,29.621897094890954,29.985054165453512,29.39905156935562,29.9107723236084,1385900,0.0,0
2019-01-29,29.968542919052005,30.15011828271521,29.836486677992795,30.051076889038086,1842000,0.0,0
2019-01-30,30.03456810410309,30.53803348421959,30.026315966866147,30.405977249145508,2302300,0.0,0
2019-01-31,30.381222810732414,30.727869305564816,30.16662942476705,30.703109741210938,2633400,0.0,0
2019-02-01,30.74437916975267,30.802153590140396,29.74570344765654,30.216154098510742,2029300,0.0,0
2019-02-04,30.207892138511227,30.488512039184567,30.059328476480097,30.48851203918457,1898900,0.0,0
2019-02-05,30.47200734437826,30.480262631046468,30.29043196777942,30.430740356445312,1994700,0.0,0
2019-02-06,30.43899126809854,30.46375082760573,30.16662351964382,30.323442459106445,1593100,0.0,0
2019-02-07,30.240910672263617,30.30694037386961,30.026320438983063,30.158376693725586,1716500,0.0,0
2019-02-08,30.08408874669705,30.306934221676293,30.001551636444276,30.133607864379883,1772400,0.0,0
2019-02-11,30.19138676851966,30.389469545063786,29.91076687802468,30.026315689086914,2627100,0.0,0
2019-02-12,29.943780916730116,30.232656115444613,29.456822925981484,29.53936004638672,2355100,0.0,0
2019-02-13,29.51459584107792,29.663159501813183,29.316513059076936,29.580625534057617,2570100,0.0,0
2019-02-14,29.630145035725757,29.712678995770954,28.829552399718594,29.110172271728516,4898300,0.0,0
2019-02-15,29.200965355898575,29.48158526480148,28.84606361380169,28.986371994018555,3105200,0.0,0
2019-02-19,29.0358957421055,29.522853751479023,29.027640455514625,29.209218978881836,3794500,0.0,0
2019-02-20,29.209218674090106,29.564120430530334,29.06891028820268,29.481586456298828,3860700,0.0,0
2019-02-21,29.481584143057127,29.720933908935894,29.38253960358758,29.580625534057617,2819300,0.0,0
2019-02-22,29.630151786605087,29.836489882198524,29.27525001030682,29.366039276123047,2810600,0.0,0
2019-02-25,29.324764235656193,29.50634273693199,28.57369381920032,28.92034339904785,3057500,0.0,0
2019-02-26,29.027636923920866,29.118426174558767,28.81304672570588,28.92034339904785,1788500,0.0,0
2019-02-27,28.788293414356097,28.978124093952026,28.647981865151504,28.8873348236084,1821800,0.0,0
2019-02-28,28.8873355705999,29.547616896805387,28.87082814388605,29.23398208618164,3160400,0.0,0
2019-03-01,29.300009291528173,29.58888136318363,28.879080965906017,29.53110694885254,2274700,0.0,0
2019-03-04,29.71268494384791,29.71268494384791,29.011136697617033,29.440317153930664,2239900,0.0,0
2019-03-05,29.41555143378166,29.52284809963685,29.08541244814307,29.134931564331055,2519100,0.0,0
2019-03-06,29.357780327980418,29.366035613917553,28.895581918042357,28.903837203979492,2193500,0.0,0
2019-03-07,28.969865678016347,29.027640089546733,28.647978771355834,28.7800350189209,2771800,0.0,0
2019-03-08,28.705749511718754,28.903835431967863,28.499411454507506,28.70574951171875,1768000,0.0,0
2019-03-11,28.829557826052852,28.92859922644253,28.647979301613987,28.870824813842773,2544100,0.0,0
2019-03-12,29.03589740893898,29.093671824514356,28.771784895317403,28.969867706298828,2636400,0.0,0
2019-03-13,28.99462346827774,29.266988055201885,28.969860761489176,29.110172271728516,2145800,0.0,0
2019-03-14,29.220203811890475,29.379784106524443,29.069021131090622,29.203405380249023,1784700,0.611,0
2019-03-15,29.220205618085785,29.354589875550914,29.119415022006873,29.337791442871094,2424000,0.0,0
2019-03-18,29.3125951125161,29.38818645685794,29.05222421445567,29.24540138244629,1501200,0.0,0
2019-03-19,29.24539966106354,29.388184727070872,28.90103982465824,28.97663116455078,1689200,0.0,0
2019-03-20,28.97662619206512,29.14460727455278,28.632266414753104,28.892637252807617,1899200,0.0,0
2019-03-21,28.892644394728887,29.59816255239472,28.81705304912278,29.58976173400879,2493000,0.0,0
2019-03-22,29.539364243127707,30.001313100863264,29.463776107105396,29.49736976623535,3093700,0.0,0
2019-03-25,29.49737319400888,29.6569567103069,29.44698109747147,29.53936767578125,2457300,0.0,0
2019-03-26,29.614952308191523,29.883723979321896,29.58975626563702,29.841726303100586,2906400,0.0,0
2019-03-27,29.833330946550074,29.959314372823616,29.56456245906546,29.774538040161133,1447800,0.0,0
2019-03-28,29.86692540583577,30.186085956565705,29.78293325777038,29.925718307495117,1866700,0.0,0
2019-03-29,30.01811092921465,30.093702267691203,29.682148712880384,29.782936096191406,2099600,0.0,0
2019-04-01,29.79133670390551,30.076903624585878,29.57296030363475,30.026508331298828,2115300,0.0,0
2019-04-02,29.967717357164904,30.051706314086914,29.64855355370927,30.051706314086914,1805800,0.0,0
2019-04-03,30.051706598638695,30.14409637451172,29.866930250866005,30.14409637451172,1378200,0.0,0
2019-04-04,30.15249827325524,30.202890368102185,30.01811401370759,30.17769432067871,961100,0.0,0
2019-04-05,30.211283710910415,30.564041103444684,30.211283710910415,30.53884506225586,1741100,0.0,0
2019-04-08,30.53045311559537,30.572450801741503,30.345676753241566,30.48845863342285,1152600,0.0,0
2019-04-09,30.488454560640886,30.530449037203596,30.144094726469547,30.211288452148438,1262900,0.0,0
2019-04-10,30.328875727890647,30.48845602809908,30.152496995453955,30.412864685058594,844200,0.0,0
2019-04-11,30.480056762695312,30.656435485576576,30.37086856111365,30.480056762695312,1001800,0.0,0
2019-04-12,30.45485518143916,30.690029997910532,30.194487525879566,30.681629180908203,1291300,0.0,0
2019-04-15,30.69843250906043,30.782424672620568,30.488456906120245,30.71523094177246,1205000,0.0,0
2019-04-16,30.698427857333137,30.740422330763074,30.15249329479808,30.27847671508789,1628600,0.0,0
2019-04-17,30.39606248995295,30.39606248995295,29.900520014471677,30.253280639648438,1369000,0.0,0
2019-04-18,30.2952748476868,30.396062223723277,30.14409218164563,30.186086654663086,1822300,0.0,0
2019-04-22,30.07690377455828,30.135696681699766,29.51416754395285,29.7325439453125,2750500,0.0,0
2019-04-23,29.90052577637908,30.30368176969112,29.749343079880457,30.1189022064209,2134400,0.0,0
2019-04-24,30.202885843534656,30.673232283477542,30.026507130045946,30.10209846496582,2810900,0.0,0
2019-04-25,29.060620459122998,29.060620459122998,27.296826779570797,27.422813415527344,9957300,0.0,0
2019-04-26,27.473207295156808,27.473207295156808,26.843280482314164,27.24643325805664,6279600,0.0,0
2019-04-29,27.1960387413404,27.456406416915872,26.885272567822387,26.902070999145508,3579800,0.0,0
2019-04-30,26.885270388023166,27.31362234210002,26.851675130087337,27.280025482177734,3281200,0.0,0
2019-05-01,27.25483245453525,27.313625363917293,26.834881270964516,26.843278884887695,2537100,0.0,0
2019-05-02,26.88527239697366,26.927270077001168,26.46532283047036,26.490520477294922,3514300,0.0,0
2019-05-03,26.582909012156815,26.68369799886051,26.440125548818767,26.54091453552246,3066600,0.0,0
2019-05-06,26.389732552610692,26.482122326027397,26.07896797056418,26.12096405029297,2965000,0.0,0
2019-05-07,26.12096419523966,26.297342925119413,25.7094122235336,25.919387817382812,2972100,0.0,0
2019-05-08,25.969781080882782,26.288943273369124,25.9109881718974,26.028573989868164,2897100,0.0,0
2019-05-09,25.92778701456953,26.14616022226608,25.75980589881734,26.011775970458984,2380500,0.0,0
2019-05-10,25.986580394845088,26.34773867885863,25.877392187033855,26.33094024658203,2193900,0.0,0
2019-05-13,26.112563164361553,26.490519847815904,26.00337496603628,26.37293243408203,2247900,0.0,0
2019-05-14,26.482123760474185,26.876877319387468,26.43172846206989,26.700498580932617,2436500,0.0,0
2019-05-15,26.70889463430399,27.002862385187463,26.566111167810476,26.843278884887695,1663000,0.0,0
2019-05-16,26.876873928737307,27.263228222509376,26.834879454018264,27.17923927307129,1978400,0.0,0
2019-05-17,27.070052782940397,27.17924098727488,26.944069350837452,26.95246696472168,1690300,0.0,0
2019-05-20,26.91887114683551,26.994462490622738,26.414930990902924,26.557714462280273,2411900,0.0,0
2019-05-21,26.750891892060995,27.011261188786218,26.67530054753001,26.74249267578125,1781400,0.0,0
2019-05-22,26.70889554786804,26.750891628853545,26.372934909917415,26.557714462280273,2437800,0.0,0
2019-05-23,26.40652797394775,26.70889170358999,26.347735071016935,26.65009880065918,1789300,0.0,0
2019-05-24,26.80128403407914,26.868476158435243,26.263747039230292,26.29734230041504,2536600,0.0,0
2019-05-28,26.431727866207257,26.641703465531396,26.003377451347614,26.08736801147461,3071100,0.0,0
2019-05-29,26.09576860318941,26.204956817705796,25.717813465676024,25.81020164489746,2524500,0.0,0
2019-05-30,25.810198501988467,26.028573302442965,25.810198501988467,25.860593795776367,1323100,0.0,0
2019-05-31,25.810197873992557,25.97817897855853,25.684212846561344,25.743005752563477,3392700,0.0,0
2019-06-03,25.826996421143804,26.238548366998444,25.709410608610064,26.104164123535156,2546100,0.0,0
2019-06-04,26.104164378071665,26.3141399607788,25.575026614523768,25.793399810791016,5379000,0.0,0
2019-06-05,25.952981636787378,26.448524138886075,25.675813932392053,26.42332649230957,3886100,0.0,0
2019-06-06,26.507318001231443,26.683698329652806,25.80179989151923,26.07056999206543,3236800,0.0,0
2019-06-07,26.16295922662847,26.3225411298857,26.095767099254903,26.196556091308594,3924200,0.0,0
2019-06-10,26.33094168698563,26.524118862774046,26.10416764480613,26.414932250976562,4193900,0.0,0
2019-06-11,26.599707397449563,26.675298736849516,26.381332594959318,26.60810661315918,2131900,0.0,0
2019-06-12,26.507316546040983,26.759288201097892,26.44012442508978,26.574508666992188,2490700,0.0,0
2019-06-13,26.65010305053421,26.952468430380925,26.608108570882926,26.94407081604004,4876500,0.0,0
2019-06-14,26.99629670195874,27.210349160839538,26.76511965442572,27.167537689208984,2600100,0.611,0
2019-06-17,27.201786325118714,27.76688467466966,27.18466173680732,27.732635498046875,2453200,0.0,0
2019-06-18,27.843942475647694,27.972371983114794,27.450086760192146,27.647014617919922,2667300,0.0,0
2019-06-19,27.55283414072549,27.921004649632042,27.38159151185569,27.87819480895996,1756300,0.0,0
2019-06-20,28.040871522985398,28.237799389067668,27.83537972966667,27.86962890625,1939400,0.0,0
2019-06-21,27.826819652757855,27.826819652757855,27.141852437618542,27.450088500976562,3135700,0.0,0
2019-06-24,27.48433404669721,27.55283240039112,26.747994708484637,26.979171752929688,2594800,0.0,0
2019-06-25,26.996295985575365,27.039105822979245,26.41407305157517,26.43975830078125,2656600,0.0,0
2019-06-26,26.439756864059174,26.482568332227316,25.754789704274167,26.080148696899414,6252800,0.0,0
2019-06-27,26.208582892473444,26.525379608679625,26.11439929047617,26.43975830078125,3144500,0.0,0
2019-06-28,26.50825642226868,26.799367904663086,26.414074448381573,26.799367904663086,4108300,0.0,0
2019-07-01,27.047670110525104,27.047670110525104,26.15721105569907,26.302766799926758,4331200,0.0,0
2019-07-02,26.371263167877824,27.124728763011884,26.285643487918207,27.07335662841797,3112200,0.0,0
2019-07-03,27.167537637351227,27.390152390133203,27.0733556661251,27.373027801513672,1161400,0.0,0
2019-07-05,27.227471736096167,27.313093045070687,26.747994692165754,27.04766845703125,1642500,0.0,0
2019-07-08,26.95348378739801,27.278844422009705,26.919236245017636,26.944921493530273,1880900,0.0,0
2019-07-09,26.944922354298154,27.06479283918521,26.585314165818236,27.056230545043945,2096400,0.0,0
2019-07-10,27.33877982936181,27.467212608906976,27.0219814772227,27.458648681640625,3355000,0.0,0
2019-07-11,26.56818954464046,26.62812396678043,25.20681589026788,25.403743743896484,11058100,0.0,0
2019-07-12,25.455119157471294,25.86609950497514,25.3523748871407,25.831851959228516,3972600,0.0,0
2019-07-15,25.97740383588366,26.32844970125313,25.848972700544426,26.037338256835938,2480200,0.0,0
2019-07-16,25.94315653225837,26.482569625893454,25.857536857920643,26.174333572387695,2465700,0.0,0
2019-07-17,26.29420486296922,26.302767157815673,25.720545806073655,25.814727783203125,2174600,0.0,0
2019-07-18,25.72054429703723,26.17433446563988,25.609236103654595,26.148649215698242,2148200,0.0,0
2019-07-19,26.114397931687854,26.157207766864246,25.729102882738214,25.7376651763916,2032800,0.0,0
2019-07-22,25.814726995893164,25.93459748699689,25.446556494178093,25.71198272705078,2673100,0.0,0
2019-07-23,25.72054283932228,26.157208394488656,25.617796946106882,26.063026428222656,1531600,0.0,0
2019-07-24,26.080151536837352,26.191459733104644,25.874661366525473,25.91747283935547,2211800,0.0,0
2019-07-25,25.90034720151928,25.96028162796383,25.677732451089064,25.74622917175293,1860800,0.0,0
2019-07-26,25.737664993910293,25.789038755466358,25.506489599270086,25.609233856201172,2658300,0.0,0
2019-07-29,25.669168278259395,25.737664993910293,25.574986314920984,25.609233856201172,2467000,0.0,0
2019-07-30,25.57498931884766,25.746230311542867,25.412308987660108,25.574989318847656,2936500,0.0,0
2019-07-31,25.523614973645593,25.57498874007318,25.069824801836614,25.18113136291504,4382000,0.0,0
2019-08-01,25.76335467124752,26.782244856107276,25.660608770073054,26.396949768066406,6872300,0.0,0
2019-08-02,26.542506240287707,27.612768588686404,26.448322631039584,26.919239044189453,6940100,0.0,0
2019-08-05,26.773684007283375,26.87642828091502,26.319892171653038,26.619565963745117,3417000,0.0,0
2019-08-06,26.610996876294493,26.713742756791003,26.29419857509642,26.379819869995117,2145100,0.0,0
2019-08-07,26.37982476653894,26.585314932584062,26.148649350419845,26.414073944091797,2373600,0.0,0
2019-08-08,26.362700452040247,26.73086929321289,26.251392263821295,26.73086929321289,2384800,0.0,0
2019-08-09,26.653812339568002,26.807930376335147,26.165772978532516,26.182897567749023,2038700,0.0,0
2019-08-12,26.20002330805252,26.64525284869842,26.18289871808365,26.619565963745117,1348400,0.0,0
2019-08-13,26.53394338283334,26.773682731703243,26.36270239057544,26.525381088256836,1588500,0.0,0
2019-08-14,26.422636292659355,26.48257072040908,26.131524815225845,26.20858383178711,1840200,0.0,0
2019-08-15,26.277080873336974,26.653812033225964,26.22570710627791,26.53394317626953,1532900,0.0,0
2019-08-16,26.628126262992154,27.13329019757705,26.533942658313073,26.962047576904297,1959700,0.0,0
2019-08-19,26.9706114642895,27.39871640816711,26.927801623138045,27.313095092773438,1250700,0.0,0
2019-08-20,27.398713493920585,27.42439874264316,26.85073974663116,26.867862701416016,1130400,0.0,0
2019-08-21,26.91923600009456,27.28740646760459,26.739431096689184,27.158973693847656,2468100,0.0,0
2019-08-22,27.210347263144754,27.30452922798225,27.021980067288673,27.09903907775879,1359000,0.0,0
2019-08-23,27.08191519419162,27.33877911346505,26.568190621825934,26.662372589111328,1814400,0.0,0
2019-08-26,26.816491019436544,26.996295928955078,26.71374675664648,26.996295928955078,1129800,0.0,0
2019-08-27,27.158974401313095,27.21034816539033,26.722307205200195,26.722307205200195,1586700,0.0,0
2019-08-28,26.75655739457987,27.09904100261236,26.730870511568433,27.03054428100586,1250200,0.0,0
2019-08-29,27.1760997603675,27.278845658346434,27.11616533366756,27.244596481323242,998800,0.0,0
2019-08-30,27.29596990360043,27.518584665498597,27.227473179407973,27.27028465270996,1396600,0.0,0
2019-09-03,27.218909445155656,27.741197928844848,27.08191437914509,27.71550941467285,2231900,0.0,0
2019-09-04,27.826819600267907,28.220675339957417,27.758321245792526,28.186426162719727,4154900,0.0,0
2019-09-05,28.20354888587975,28.417601330185345,27.90387677032436,28.331981658935547,3004000,0.0,0
2019-09-06,28.323421821951626,28.47753658144683,28.169303796275234,28.297733306884766,1572500,0.0,0
2019-09-09,28.25492030900075,28.768644826328433,28.117926886634645,28.623090744018555,3735900,0.0,0
2019-09-10,28.503228796072413,28.811464887432514,28.434730435245008,28.708717346191406,2187800,0.0,0
2019-09-11,28.89707992251776,29.39368316006425,28.742961901636516,29.0255126953125,3124000,0.0,0
2019-09-12,29.299503072979103,29.316627662482425,29.034076834949843,29.23100471496582,2045800,0.0,0
2019-09-13,29.153411285679635,29.21443789982108,28.29903536199841,28.377498626708984,3608500,0.611,0
2019-09-16,28.37750063537849,28.421090602036266,28.002620935859312,28.14211082458496,3670600,0.0,0
2019-09-17,28.194420609668768,28.246730564762853,28.020057418389737,28.107240676879883,2865200,0.0,0
2019-09-18,28.089802784219657,28.15082939961607,27.749794742531613,28.028776168823242,2234300,0.0,0
2019-09-19,28.159546062229367,28.377499210274024,28.011339517895536,28.028776168823242,2634800,0.0,0
2019-09-20,28.098517198233594,28.194417107810978,27.845692431416524,27.898000717163086,2680400,0.0,0
2019-09-23,27.82825794589797,28.107239371558435,27.24414344394575,27.3051700592041,3838000,0.0,0
2019-09-24,27.287731910649715,27.348760185409127,27.07849710002597,27.200551986694336,2745900,0.0,0
2019-09-25,27.226705298740765,27.479531734192662,27.10465207492286,27.200551986694336,2452000,0.0,0
2019-09-26,27.331321684055993,27.863126168131355,27.17439517100576,27.819536209106445,2383900,0.0,0
2019-09-27,27.82825447386441,28.124669187729406,27.82825447386441,28.0549259185791,1656700,0.0,0
2019-09-30,28.11595527193763,28.560578217580755,27.92415544306753,28.238008499145508,2303400,0.0,0
2019-10-01,28.098520857927188,28.26416406150725,27.741077810211376,28.14211082458496,2398200,0.0,0
2019-10-02,28.133392753797125,28.133392753797125,27.775949723967027,27.91543960571289,1984000,0.0,0
2019-10-03,27.898003103275954,28.560579213670263,27.889284777764114,28.403656005859375,1815800,0.0,0
2019-10-04,28.351346403387016,28.52570959007893,27.959030064755506,28.081083297729492,2397900,0.0,0
2019-10-07,27.959031048506052,28.246730815525723,27.898004429871808,28.133394241333008,961800,0.0,0
2019-10-08,28.07236547330495,28.24672865278158,27.592867561169463,27.880565643310547,2309100,0.0,0
2019-10-09,27.967747889182792,28.037491163042375,27.64517485476688,27.688766479492188,1081500,0.0,0
2019-10-10,27.62773947971262,28.203133952351525,27.575429530776912,28.159543991088867,2434300,0.0,0
2019-10-11,28.229293913064826,28.4821170484331,28.098520688180237,28.107240676879883,1614200,0.0,0
2019-10-14,28.20313486732328,28.438524656619233,28.037491678871,28.333908081054688,960300,0.0,0
2019-10-15,28.299033141119146,28.604169513580604,28.25544318096773,28.586732864379883,1235400,0.0,0
2019-10-16,28.6216086585997,28.639041983619837,28.360062223482675,28.51698875427246,1479200,0.0,0
2019-10-17,28.51699164775335,28.734944815331474,28.490838331868428,28.56930160522461,1238800,0.0,0
2019-10-18,28.508269653450558,29.231872305135006,28.386216434542398,29.205718994140625,4590600,0.0,0
2019-10-21,29.170849569145254,29.68521914977387,29.162132906223277,29.589319229125977,2332800,0.0,0
2019-10-22,29.641628014363114,29.65034467694121,29.284184986041485,29.615474700927734,1419100,0.0,0
2019-10-23,29.589316583608092,29.911889619801578,29.580599921465453,29.903169631958008,1649900,0.0,0
2019-10-24,29.96419281948604,30.025219424612647,29.589313201879417,29.79854965209961,1560700,0.0,0
2019-10-25,29.70265230924504,29.859578829000966,29.528289139993916,29.720088958740234,1019000,0.0,0
2019-10-28,29.69393931801199,29.70265598098669,29.25803300384934,29.345212936401367,1590300,0.0,0
2019-10-29,29.40623639832041,29.58059957041229,29.12725665325376,29.493419647216797,2000700,0.0,0
2019-10-30,29.45854893439582,29.502138899821176,28.595452985888564,29.18828582763672,3186800,0.0,0
2019-10-31,28.83084499179242,28.935461581942914,28.06364890405212,28.595455169677734,4411300,0.0,0
2019-11-01,28.595449898739684,29.24059262476973,28.51698663916442,29.223155975341797,2348000,0.0,0
2019-11-04,29.380082461930336,29.972915239019557,29.266745903624827,29.964195251464844,4153200,0.0,0
2019-11-05,29.73752938568769,29.772402689107913,28.839563439675132,29.10982322692871,3297200,0.0,0
2019-11-06,29.101106216724098,29.371366000753255,28.874433072898302,29.319059371948242,1727900,0.0,0
2019-11-07,29.301622398303593,29.301622398303593,28.804689475911932,29.18828582763672,1960000,0.0,0
2019-11-08,29.09238475273999,29.17956800582899,28.360062055297607,28.36878204345703,2794300,0.0,0
2019-11-11,28.368778757716115,28.778528359822563,28.35134210911787,28.64775848388672,1885500,0.0,0
2019-11-12,28.72622465035889,28.91802115297168,28.429808245556213,28.473398208618164,1921700,0.0,0
2019-11-13,28.438526562973188,28.639043065288767,28.290320014796922,28.447246551513672,2935400,0.0,0
2019-11-14,28.4821137341027,29.005203247070316,28.4821137341027,29.005203247070312,1830000,0.0,0
2019-11-15,29.074949000841606,29.28418548902176,28.952895768445334,29.275468826293945,1543500,0.0,0
2019-11-18,29.31033615782543,29.59803588739733,29.22315623561017,29.475982666015625,1405000,0.0,0
2019-11-19,29.589319558587817,29.69393946902381,29.266749815663346,29.60675621032715,1237300,0.0,0
2019-11-20,29.6154739584879,29.781117148927912,29.50213739360736,29.702653884887695,1270000,0.0,0
2019-11-21,29.606752541909163,29.64162584106686,29.240592877855924,29.249309539794922,1283000,0.0,0
2019-11-22,29.310339623380916,29.510856128745093,29.083669803400053,29.45854949951172,1733600,0.0,0
2019-11-25,29.580600328032304,29.7288068664007,29.4498271141888,29.685216903686523,1672600,0.0,0
2019-11-26,29.44983027349167,29.4672669255881,28.002621406501707,28.421091079711914,5098100,0.0,0
2019-11-27,28.403655181740447,28.403655181740447,27.63645918746388,27.880565643310547,4635400,0.0,0
2019-11-29,27.88056366306982,28.220570009764447,27.88056366306982,28.00261688232422,1328400,0.0,0
2019-12-02,27.985183884311446,28.07236714208294,27.65389581903285,27.854413986206055,2430400,0.0,0
2019-12-03,27.810819312436305,28.185700628407155,27.775947675996264,28.159543991088867,2344300,0.0,0
2019-12-04,28.028775592429465,28.47339854198869,28.028775592429465,28.377498626708984,1932800,0.0,0
2019-12-05,28.333908824736568,28.499552017536494,28.185702282605227,28.246728897094727,1576000,0.0,0
2019-12-06,28.31647291504098,28.64776263501093,28.24672963624271,28.551862716674805,2208200,0.0,0
2019-12-09,28.595450366169008,28.97033002074529,28.508270443305125,28.769813537597656,1518400,0.0,0
2019-12-10,28.935457466736377,28.944177454667933,28.67391436570614,28.682634353637695,2051200,0.0,0
2019-12-11,28.57801279199003,28.778529268651187,28.403652951902604,28.482112884521484,1868300,0.0,0
2019-12-12,28.4646805547954,28.848276872360433,28.438523917308522,28.534423828125,2764800,0.0,0
2019-12-13,28.57796721161351,28.649058309735324,27.849300404915585,28.071455001831055,3052200,0.619,0
2019-12-16,28.071455220709943,28.275837044688565,27.97370665493535,28.25806427001953,4619600,0.0,0
2019-12-17,28.24029441234603,28.471335408326432,27.769326032666157,27.89373207092285,3219000,0.0,0
2019-12-18,27.858187009396804,28.31138259402663,27.858187009396804,28.25806427001953,2686400,0.0,0
2019-12-19,28.249178817419324,28.46244532808849,28.15143025427509,28.355812072753906,2728800,0.0,0
2019-12-20,28.346925225005773,28.542420653212293,28.231405584453057,28.40024185180664,3251000,0.0,0
2019-12-23,28.47133469385336,28.58685264658697,28.133658748623052,28.204748153686523,1584100,0.0,0
2019-12-24,28.20474805331817,28.409129880285196,28.169204198365474,28.22252082824707,504400,0.0,0
2019-12-26,28.21363387846672,28.329153523391973,28.08034145896679,28.28472328186035,1304500,0.0,0
2019-12-27,28.35581469892725,28.42690410736926,28.00036765671719,28.266952514648438,1545700,0.0,0
2019-12-30,28.302497187101007,28.33804104276524,27.94705015593296,28.16031837463379,1406800,0.0,0
2019-12-31,28.124771501850958,28.338039710525532,28.07145487340858,28.320268630981445,2271300,0.0,0
2020-01-02,28.34692753137797,28.462447181329633,26.836277219806625,27.022886276245117,8480500,0.0,0
2020-01-03,27.02288449334362,27.431649824852432,26.845160141399788,27.227266311645508,4402600,0.0,0
2020-01-06,27.262811761806823,27.96481939015606,27.15617681204357,27.69823455810547,2871600,0.0,0
2020-01-07,27.62714844617281,27.67157869183661,27.289472477469094,27.529399871826172,2312900,0.0,0
2020-01-08,27.431651453966957,27.698236302809654,27.38721951588975,27.50274085998535,2274600,0.0,0
2020-01-09,27.46719551086426,27.556057692764917,27.245040903565194,27.467195510864258,2089500,0.0,0
2020-01-10,27.502739126091896,27.716007330701714,27.236152599150852,27.245038986206055,2843500,0.0,0
2020-01-13,27.26281044633308,27.52939526552053,27.10285887685863,27.40498924255371,6731700,0.0,0
2020-01-14,27.413877465713668,27.467194094142,26.98734104847689,27.191722869873047,2214200,0.0,0
2020-01-15,27.191725295723444,27.40499352336809,27.191725295723444,27.360563278198242,2003600,0.0,0
2020-01-16,27.396104634853856,27.68046224575948,27.33390161933138,27.653804779052734,2036400,0.0,0
2020-01-17,27.724895839125427,28.027026242499748,27.66269112497941,27.884845733642578,2711500,0.0,0
2020-01-21,27.893731979876627,28.266951788333664,27.831528960951314,28.13365936279297,2822100,0.0,0
2020-01-22,28.30249662052201,28.373586025332504,28.124772261043226,28.22252082824707,2221700,0.0,0
2020-01-23,28.18697410775161,28.40024231332581,28.044795304035475,28.355812072753906,1629700,0.0,0
2020-01-24,28.346926429590667,28.382471978905066,27.964820248986236,28.03590965270996,2630100,0.0,0
2020-01-27,27.813756335222763,28.391359673848807,27.778212479176403,28.10700035095215,2507500,0.0,0
2020-01-28,28.186973649698164,28.53353596116632,28.151429796799253,28.40024185180664,2013900,0.0,0
2020-01-29,28.444672327807726,28.48021787590675,28.035908694099124,28.16920280456543,1570100,0.0,0
2020-01-30,28.160316740375873,28.36469855957325,28.053681789761352,28.33803939819336,1947200,0.0,0
2020-01-31,28.32026865975002,28.4002427550423,28.03590935299,28.0892276763916,3903600,0.0,0
2020-02-03,28.160317150136052,28.418015600937935,28.044795810713953,28.3024959564209,2083900,0.0,0
2020-02-04,28.338040555581852,28.666828418170397,28.27583753805997,28.657943725585938,1744300,0.0,0
2020-02-05,28.711260575443628,28.711260575443628,28.275836085350765,28.391357421875,2502600,0.0,0
2020-02-06,28.51576546743762,28.73792007426097,28.231407841888554,28.373586654663086,1880900,0.0,0
2020-02-07,28.409129314072946,28.53353704119061,28.28472328186035,28.28472328186035,1515400,0.0,0
2020-02-10,28.38247262874448,28.52464974454211,28.195861880381422,28.409130096435547,1549600,0.0,0
2020-02-11,28.471334440799854,28.613513249663104,28.17808874075117,28.24917984008789,2080600,0.0,0
2020-02-12,28.24917984008789,28.302496469685334,27.92039028527594,28.24917984008789,3280600,0.0,0
2020-02-13,28.435788446224432,29.795373496570292,28.346926268348966,29.644309997558594,6984000,0.0,0
2020-02-14,29.57321851520791,29.590991289533168,29.00450329604008,29.44881248474121,2938700,0.0,0
2020-02-18,29.511018252651105,30.301888139938864,29.413269679649623,30.266345977783203,4187500,0.0,0
2020-02-19,30.30188797451407,30.337433526286087,30.03530311584473,30.035303115844727,3073400,0.0,0
2020-02-20,30.08862150993596,30.515157962710745,30.035303182160213,30.50627326965332,2525100,0.0,0
2020-02-21,30.435181138874796,30.648451052970298,30.301887018838823,30.612905502319336,2665300,0.0,0
2020-02-24,30.301886032390858,30.44406484055594,29.81314659118652,29.813146591186523,3374700,0.0,0
2020-02-25,29.919782439724106,30.008646321150728,29.262206666219438,29.288864135742188,3096100,0.0,0
2020-02-26,29.404382906018377,29.73317076391467,29.271088790482224,29.368837356567383,3342300,0.0,0
2020-02-27,29.102251352964274,29.102251352964274,27.72489356994629,27.72489356994629,5239600,0.0,0
2020-02-28,27.32501667754041,27.38721969635324,25.841023834085913,27.022886276245117,7534800,0.0,0
2020-03-02,27.218379731776892,28.364698234394975,26.765185857849534,28.16920280456543,6296600,0.0,0
2020-03-03,28.222521534906218,28.6579443621361,27.618260731434493,27.9115047454834,4846800,0.0,0
2020-03-04,28.355811694634323,29.111135943714785,28.249178440721675,29.06670570373535,4231800,0.0,0
2020-03-05,28.524650472773157,28.791238715730735,28.107000417534415,28.542423248291016,2404500,0.0,0
2020-03-06,27.74266602528203,28.40024344233645,27.31612959717729,28.231407165527344,4507500,0.0,0
2020-03-09,26.65855166720348,27.37833208764455,26.24978802186079,26.2586727142334,5996900,0.0,0
2020-03-10,27.218381780886897,27.36056228908188,25.530007101891243,27.236154556274414,4601600,0.0,0
2020-03-11,26.560804065147693,26.791845058029597,25.823250843407617,26.61412239074707,4907700,0.0,0
2020-03-12,24.91686154823539,24.9257462410037,23.317347360021774,23.663908004760742,6150200,0.0,0
2020-03-13,24.909375025562152,26.628832751958253,24.445396214646728,26.37409782409668,5817500,0.619,0
2020-03-16,23.68119320007401,25.200501437017117,22.307447283476613,22.407520294189453,5060000,0.0,0
2020-03-17,22.853307014902548,26.18304815315794,22.76233013022961,24.445396423339844,5516100,0.0,0
2020-03-18,23.017065535210772,24.299834700080215,22.307449584149325,23.653902053833008,4893100,0.0,0
2020-03-19,23.581119569280613,24.108783439297145,22.4257170785624,22.871501922607422,4341000,0.0,0
2020-03-20,23.089843987884098,23.326383188837895,20.406037226955455,20.660770416259766,5693800,0.0,0
2020-03-23,20.333256550550473,21.22482620476105,19.12326866691047,20.37874412536621,3985500,0.0,0
2020-03-24,21.34309550917169,22.4348146862388,21.133849883059764,21.834369659423828,4507000,0.0,0
2020-03-25,22.516694326395253,24.481787510606924,21.716101513851175,22.789623260498047,4862100,0.0,0
2020-03-26,22.862405823774345,24.25434763741967,22.12549626842797,23.17172622680664,4333400,0.0,0
2020-03-27,22.416617686755263,23.017062679419087,21.716099685473935,22.170982360839844,4111800,0.0,0
2020-03-30,22.2892516032282,22.79871972543486,21.297607209408255,22.607669830322266,2994400,0.0,0
2020-03-31,22.425715205232894,22.589473243496418,21.233923099883455,21.652414321899414,3884900,0.0,0
2020-04-01,20.897312830903243,21.370391305563125,19.951157616823448,20.214988708496094,3595800,0.0,0
2020-04-02,19.92386373025706,20.28776957640186,19.105075142621285,19.578153610229492,4462100,0.0,0
2020-04-03,19.378001782690603,20.105815123432066,19.332514208061653,20.06942367553711,2843100,0.0,0
2020-04-06,21.379486616360992,21.989029495683855,20.55160025216364,21.20663070678711,3113600,0.0,0
2020-04-07,22.043615056486797,23.16262607344739,21.970833894454557,22.434814453125,5649300,0.0,0
2020-04-08,22.835112730672144,23.945025934990635,22.57127992200996,23.608413696289062,3921500,0.0,0
2020-04-09,24.10878271760659,25.846434465226228,23.881341371214077,24.663740158081055,7546000,0.0,0
2020-04-13,24.66374251310184,24.745621544440557,23.335484021015933,23.87224578857422,2459300,0.0,0
2020-04-14,24.472688616168966,25.000352472360337,23.97231834633293,24.263442993164062,2684300,0.0,0
2020-04-15,23.508339076135393,23.653901407516305,21.95263927354709,22.389328002929688,3962600,0.0,0
2020-04-16,22.534887934012996,22.7350356845331,21.952636935267794,22.061809539794922,2523700,0.0,0
2020-04-17,22.7441328039773,23.126234304493703,22.2983480092481,22.735034942626953,2481600,0.0,0
2020-04-20,22.2710565940924,22.953380644660722,22.043615243902963,22.443912506103516,2232900,0.0,0
2020-04-21,22.070909392644985,22.625866856515877,21.96173677826848,22.471206665039062,1820600,0.0,0
2020-04-22,22.780527404383566,22.95338158826082,22.21647206922026,22.28925323486328,2068500,0.0,0
2020-04-23,22.19827518495631,22.653157880284265,22.13459188524876,22.225568771362305,1647700,0.0,0
2020-04-24,22.307447770434933,22.371131070071385,21.224826470895977,21.406780242919922,3733400,0.0,0
2020-04-27,21.579634441671924,22.534889143004495,21.50685327982904,22.225568771362305,2707800,0.0,0
2020-04-28,22.853307842777046,23.490142588077827,22.47120630150065,22.553085327148438,2650100,0.0,0
2020-04-29,23.02616089676871,23.326383397737228,22.52579064023443,22.698646545410156,2877900,0.0,0
2020-04-30,22.498499195131153,22.571280361828595,21.552344028064375,21.99812889099121,3814000,0.0,0
2020-05-01,21.534144183497478,21.606925336273235,21.024676114067162,21.470460891723633,2275200,0.0,0
2020-05-04,21.333998159785445,21.397681456671542,20.63347842355901,20.851821899414062,3713800,0.0,0
2020-05-05,21.06106876920485,21.11565420761309,20.433330154170775,20.506113052368164,3748700,0.0,0
2020-05-06,20.724455416651725,20.760845128535973,19.62363843450802,19.94205665588379,6364800,0.0,0
2020-05-07,21.834369413430068,23.344579825706465,21.697904951644084,22.334739685058594,7481500,0.0,0
2020-05-08,22.507594059198755,22.862401982672942,22.170981858784696,22.352933883666992,3469700,0.0,0
2020-05-11,22.14368694520361,22.216468097836376,21.7615854600717,21.870758056640625,2275100,0.0,0
2020-05-12,21.9799319711303,22.025419547129474,20.95189783048668,21.015581130981445,2941100,0.0,0
2020-05-13,20.888213698172972,21.006484177269733,20.533405731362432,20.760847091674805,3182500,0.0,0
2020-05-14,20.042134008511653,20.624383356350997,19.596349134667165,20.597089767456055,3332300,0.0,0
2020-05-15,20.396940231323242,20.606185855777387,20.187694606869098,20.396940231323242,1887300,0.0,0
2020-05-18,21.09746028347868,21.734295027514964,21.042873109662004,21.534147262573242,3376800,0.0,0
2020-05-19,21.47046603607243,21.816176160779946,21.08836445863782,21.343097686767578,2123100,0.0,0
2020-05-20,21.9981274976369,22.14368982181192,21.479561500858424,21.725196838378906,2188500,0.0,0
2020-05-21,21.5796354598944,21.952639148844103,21.434073129340362,21.770687103271484,2035900,0.0,0
2020-05-22,21.752491614482427,22.02542055342665,21.57963569435649,21.989030838012695,1510800,0.0,0
2020-05-26,22.835111173212347,23.017063206380573,22.46210750969179,22.607669830322266,3895500,0.0,0
2020-05-27,23.11713678694226,23.18082008210216,22.698645570040284,23.16262435913086,2945700,0.0,0
2020-05-28,23.535630178887534,23.644801048276076,23.14443080389262,23.380970001220703,3004300,0.0,0
2020-05-29,23.17172361846243,23.653899894851484,23.071650606562628,23.435556411743164,4239300,0.0,0
2020-06-01,23.44465387410291,24.17246547205655,23.380970576186936,24.02690315246582,3357300,0.0,0
2020-06-02,24.23614999659043,24.49088493638648,23.935927480335003,24.299833297729492,2994700,0.0,0
2020-06-03,24.718326447524404,25.891922933045414,24.663741008375474,25.837337493896484,4399400,0.0,0
2020-06-04,25.791847819669837,26.437780380249023,25.491625325906046,26.437780380249023,3899200,0.0,0
2020-06-05,27.320253484168543,27.84791730615089,26.92905411463618,27.02912712097168,4943000,0.0,0
2020-06-08,27.52040430861076,27.911603721875668,27.147400620437207,27.802431106567383,3163000,0.0,0
2020-06-09,27.083715731024157,27.502206972166874,26.66522275464169,27.411230087280273,3192900,0.0,0
2020-06-10,27.320254923534165,27.37484036034206,26.292219074753685,26.692516326904297,2677100,0.0,0
2020-06-11,25.509823140700522,25.509823140700522,24.527274823928487,25.118623733520508,7172800,0.0,0
2020-06-12,26.05762743378922,26.05762743378922,25.275898468772745,25.890113830566406,3007900,0.619,0
2020-06-15,25.061854183280985,26.29959141959619,24.968790872836642,26.07624053955078,2538300,0.0,0
2020-06-16,26.97895154962764,27.072014863457117,25.81566456434686,26.215835571289062,2755800,0.0,0
2020-06-17,26.327509165762375,26.429877202800583,25.750518100034324,25.918031692504883,1927700,0.0,0
2020-06-18,25.60161939154349,25.60161939154349,24.9501779899636,25.10838508605957,4800400,0.0,0
2020-06-19,25.56439169593697,25.58300471192347,24.326654533393302,24.512781143188477,10127200,0.0,0
2020-06-22,24.289431480684904,24.345268756377816,23.461169978570943,23.96371078491211,5640100,0.0,0
2020-06-23,24.15914127958196,24.540701012535337,24.047466732161155,24.289430618286133,4169600,0.0,0
2020-06-24,23.96370991186495,24.02885369363919,23.16336796427304,23.293657302856445,7761300,0.0,0
2020-06-25,23.135451385043826,23.219208187285282,22.71666737383655,22.93071174621582,4669400,0.0,0
2020-06-26,22.91209884363004,23.24712425328143,22.67944147093899,22.958629608154297,9111100,0.0,0
2020-06-29,23.191287451137157,23.96370987313386,23.06099988779925,23.917179107666016,6226100,0.0,0
2020-06-30,23.96370993407809,24.531394504411114,23.83342237040884,24.289430618286133,5261900,0.0,0
2020-07-01,24.456943265965673,24.76405092201506,24.26151015300614,24.42902374267578,3250800,0.0,0
2020-07-02,24.736132721294315,24.810583012346477,24.159141634363834,24.34526824951172,2705100,0.0,0
2020-07-06,24.810583466970808,24.912953284681446,24.40110597116325,24.58723258972168,2974800,0.0,0
2020-07-07,24.214979971086702,24.550005383441455,24.010240345444178,24.233592987060547,2928700,0.0,0
2020-07-08,24.22428719219006,24.3638812660335,23.963710285990015,24.34526824951172,2499200,0.0,0
2020-07-09,24.34526714179582,24.401104413785593,23.805502112468346,24.363880157470703,2860800,0.0,0
2020-07-10,24.39179837906638,24.922258685880415,24.373187138065376,24.885032653808594,2910400,0.0,0
2020-07-13,25.01532106524124,25.182834665181588,24.708213390362257,24.9967098236084,2720400,0.0,0
2020-07-14,24.996710770790102,25.48063679724542,24.857114915526896,25.41549301147461,2053600,0.0,0
2020-07-15,25.787743254224196,25.82496928719549,25.45271783265732,25.685375213623047,2544500,0.0,0
2020-07-16,25.499247591733994,25.79704874360276,25.396879555175904,25.452716827392578,1559900,0.0,0
2020-07-17,25.59231165054968,25.666761940713517,25.220060199730487,25.378267288208008,2405400,0.0,0
2020-07-20,25.182833415848666,25.313122751024647,24.847808007623712,25.01531982421875,1484300,0.0,0
2020-07-21,25.21075369158064,25.41549154577246,25.080466127552658,25.378267288208008,2460600,0.0,0
2020-07-22,25.285204187822686,25.927339055116118,25.21075389705207,25.59231185913086,3248100,0.0,0
2020-07-23,25.471330250841085,25.824968680586913,25.313123164499157,25.60161781311035,2311200,0.0,0
2020-07-24,25.601619837689245,25.759826936542208,25.31312516626386,25.35034942626953,1169700,0.0,0
2020-07-27,25.359655466165627,25.824970245361328,25.22006138741392,25.824970245361328,1626900,0.0,0
2020-07-28,25.778438418384283,26.13207685502886,25.75051889376697,25.9366455078125,3100600,0.0,0
2020-07-29,26.169303496611423,26.355428339951715,25.862195818816712,26.299591064453125,2293000,0.0,0
2020-07-30,25.91803552124951,26.30890003640969,25.862198240522385,26.290287017822266,2258800,0.0,0
2020-07-31,26.374039639071704,26.467102942198185,26.00178820160064,26.234445571899414,3273100,0.0,0
2020-08-03,26.104158401489258,26.1972217123305,25.90872704625417,26.104158401489258,2108600,0.0,0
2020-08-04,26.029707780523726,26.93241957678746,26.029707780523726,26.857969284057617,2835000,0.0,0
2020-08-05,26.988255655275623,27.12784972607179,26.63461722425634,26.969642639160156,2759700,0.0,0
2020-08-06,27.695535726865163,27.732759985989244,26.80213043243209,27.07201385498047,5511600,0.0,0
2020-08-07,27.081320845137952,27.630392433504234,26.988257533120183,27.407041549682617,2837500,0.0,0
2020-08-10,27.425652787213835,27.79790603521915,27.4070415448416,27.686229705810547,3068700,0.0,0
2020-08-11,27.91888644906847,27.99333674193125,27.453571674917328,27.509408950805664,2847900,0.0,0
2020-08-12,27.649001570738186,27.8444346885991,27.407039462963574,27.751371383666992,1621000,0.0,0
2020-08-13,27.67692259706598,28.058480570467644,27.230220839186224,27.323284149169922,2739500,0.0,0
2020-08-14,27.239526606998073,27.779291660184377,27.10923726654969,27.676921844482422,1997700,0.0,0
2020-08-17,27.723455077378876,28.300444402920355,27.50010242390508,28.225994110107422,2948400,0.0,0
2020-08-18,28.20737891786654,28.272522697174765,27.788596718727298,27.91888427734375,2081300,0.0,0
2020-08-19,27.918884277343746,28.03056059546846,27.57455059024117,27.91888427734375,1513300,0.0,0
2020-08-20,27.890966704834643,28.132930598499513,27.82582292097006,28.01194953918457,1558900,0.0,0
2020-08-21,28.095707605024725,28.198075652120842,28.00264429172684,28.11431884765625,1686700,0.0,0
2020-08-24,28.09570598968347,28.235300064086914,27.61177820838557,28.235300064086914,2123700,0.0,0
2020-08-25,28.33767134881699,28.467958921673834,27.900274311308927,28.272525787353516,1562200,0.0,0
2020-08-26,28.13293290471958,28.19807669392438,27.714150641959396,28.160852432250977,1680800,0.0,0
2020-08-27,28.22599494984789,28.505183112443657,28.13293163730429,28.337671279907227,2131200,0.0,0
2020-08-28,28.346974613595687,28.35628112189391,27.928192390385355,28.235300064086914,2141300,0.0,0
2020-08-31,28.235300975062195,28.272525234421124,27.93749980005069,28.002643585205078,2467800,0.0,0
2020-09-01,27.946805352953934,28.049173393966576,27.667615429651825,27.863048553466797,1711100,0.0,0
2020-09-02,27.85374249451885,28.42142708352614,27.676922384411913,28.384201049804688,2736200,0.0,0
2020-09-03,28.458651944239254,28.55171525547661,27.92819337773187,28.188770294189453,2235700,0.0,0
2020-09-04,28.32836408420643,28.514488929745195,27.788599014584506,28.067787170410156,2173700,0.0,0
2020-09-08,27.946805755319986,28.281831183057125,27.528021751854833,28.01194953918457,2358800,0.0,0
2020-09-09,28.198072214515438,28.654082216579745,27.946803606788688,27.984027862548828,3116500,0.0,0
2020-09-10,28.01194940165908,28.114317443642996,27.71414823400592,27.732759475708008,3035100,0.0,0
2020-09-11,27.853741196595802,27.928191485534505,27.481489751902277,27.751371383666992,2458000,0.0,0
2020-09-14,28.035528650405904,28.102053343618245,27.446306572724428,27.522335052490234,2624300,0.619,0
2020-09-15,27.560350230417168,27.87396793639475,27.332264790857288,27.626874923706055,2052700,0.0,0
2020-09-16,27.60786701006409,28.092549242899036,27.474817625127333,27.864463806152344,2814400,0.0,0
2020-09-17,27.664888713990752,27.79793809404722,27.294248306793396,27.42729949951172,2655800,0.0,0
2020-09-18,27.227724602776156,27.398789133421804,26.89509932792761,26.92361068725586,3288400,0.0,0
2020-09-21,26.50545332485101,26.657510283630977,25.65013247854824,25.91623306274414,3741500,0.0,0
2020-09-22,25.916234630228626,26.229852353263492,25.773681449333147,25.840206146240234,2805200,0.0,0
2020-09-23,25.71665709738537,25.84970829543119,24.747294441119692,24.766300201416016,4368700,0.0,0
2020-09-24,24.756796450072734,25.403039430274976,24.68076797079376,25.184457778930664,3114600,0.0,0
2020-09-25,25.11793277520621,25.31750685109474,24.99438536499358,25.212968826293945,2914800,0.0,0
2020-09-28,25.678643293405816,25.707152839658644,25.203464854131816,25.27949333190918,2749600,0.0,0
2020-09-29,25.212969326638106,25.4885718863337,25.041904793817835,25.431550979614258,1613600,0.0,0
2020-09-30,25.659636104378315,25.925736686907936,25.17495387155396,25.46006202697754,2217300,0.0,0
2020-10-01,25.507579117966806,25.716656981580268,25.23197474929905,25.669139862060547,2164600,0.0,0
2020-10-02,25.355520303442905,26.030272777050634,25.250980472961004,25.982755661010742,2825100,0.0,0
2020-10-05,26.115809403909047,26.18233410255583,25.659638488049293,25.992263793945312,2075500,0.0,0
2020-10-06,26.09679887056229,26.25835961152866,25.63112422016789,25.764175415039062,2295100,0.0,0
2020-10-07,25.76417488285781,26.01126788232963,25.602614145228614,25.754671096801758,1850500,0.0,0
2020-10-08,25.849707352013894,26.904602235430062,25.783180849087987,26.838077545166016,2876700,0.0,0
2020-10-09,27.094674869754073,27.26573939820166,26.676517334955733,26.84758186340332,2369000,0.0,0
2020-10-12,26.83807758144738,26.971126962155335,26.638503510385448,26.942617416381836,2039000,0.0,0
2020-10-13,26.609994686622194,26.638506047773337,25.97325545554297,26.25836181640625,2361700,0.0,0
2020-10-14,26.353395485120966,26.42942396196944,25.973253100878587,26.144317626953125,1539500,0.0,0
2020-10-15,26.039777424795567,26.590984327349318,25.982756521127758,26.277366638183594,1357300,0.0,0
2020-10-16,26.21084231761281,26.372403057498552,26.04928157772706,26.144317626953125,1201200,0.0,0
2020-10-19,26.37240320903557,26.37240320903557,25.897224772836733,25.97325325012207,1997600,0.0,0
2020-10-20,26.1348146843227,26.38190769522118,26.077793778011333,26.12531089782715,1240600,0.0,0
2020-10-21,25.95424633388732,26.125310865270162,25.840204521406708,26.020771026611328,1498300,0.0,0
2020-10-22,26.096798328463375,26.30587799634842,25.963748949017873,26.277366638183594,1585100,0.0,0
2020-10-23,26.42942260134253,26.60999090430993,26.1348124953044,26.467437744140625,1569400,0.0,0
2020-10-26,26.305880767592505,26.324888341704778,25.86871562632036,25.944744110107422,2422900,0.0,0
2020-10-27,25.906729621507584,26.14431884935047,25.6691403936647,25.67864418029785,2100800,0.0,0
2020-10-28,25.336514578234382,25.469563962970813,25.003889303731384,25.04190444946289,2784200,0.0,0
2020-10-29,24.99438636007692,25.393536340406957,24.538215471888876,25.022897720336914,2491900,0.0,0
2020-10-30,25.051408357803975,25.136940623454173,24.48119385768998,24.766300201416016,3604100,0.0,0
2020-11-02,24.994384837543393,25.32701010300021,24.794810765866426,25.20346450805664,2963300,0.0,0
2020-11-03,25.64063017495917,26.09680107768155,25.48857320738504,25.944744110107422,2411900,0.0,0
2020-11-04,25.8782184560665,26.182332379964702,25.27949439497466,25.29850196838379,2660300,0.0,0
2020-11-05,25.99226288131264,26.695526805069154,25.830702127702224,26.115808486938477,3215000,0.0,0
2020-11-06,26.248857208649603,26.590984444829846,25.46956306265795,25.479066848754883,2955100,0.0,0
2020-11-09,26.819071156434866,27.51283307341177,25.288997774853666,25.327011108398438,4332700,0.0,0
2020-11-10,25.34601852926479,25.935240603296112,25.288997622959155,25.81169319152832,4441700,0.0,0
2020-11-11,25.954246131527487,26.324886550854483,25.013393028919413,25.146442413330078,5271300,0.0,0
2020-11-12,25.23197469608609,25.241478482502373,24.20558932773219,24.310129165649414,6825900,0.0,0
2020-11-13,24.357645403246934,24.604738403139073,23.61636821623237,24.22459602355957,12031500,0.0,0
2020-11-16,24.661763762183767,24.89935300146237,24.338642251751903,24.79481315612793,8343300,0.0,0
2020-11-17,24.62374633992389,24.80431465264629,24.386157122585637,24.614242553710938,2765400,0.0,0
2020-11-18,24.652257698562757,25.070413415961536,24.500200744479223,24.614242553710938,3033800,0.0,0
2020-11-19,24.500200803607857,24.652257758058365,24.205588868280856,24.50970458984375,2766900,0.0,0
2020-11-20,24.348144344522424,24.51920706226312,24.215093147174883,24.414669036865234,2924300,0.0,0
2020-11-23,24.48119524435575,25.117934473227926,24.39566297386083,24.861337661743164,3285400,0.0,0
2020-11-24,25.22247326895615,25.707153698057336,25.18445812246714,25.260486602783203,3609500,0.0,0
2020-11-25,25.327010459563912,25.602614824516213,24.93736428423692,25.593111038208008,2877100,0.0,0
2020-11-27,25.593112105577426,25.659636799847412,25.098926072911862,25.29850196838379,1496200,0.0,0
2020-11-30,25.260486779966,26.134815216064453,25.212969659183397,26.134815216064453,6963200,0.0,0
2020-12-01,26.201339723228898,26.486447883875634,25.754672628009555,25.88772201538086,3317800,0.0,0
2020-12-02,25.802188757892846,26.07779312133789,25.612118470753877,26.07779312133789,2730200,0.0,0
2020-12-03,26.07779448537557,26.733539457398262,26.07779448537557,26.695526123046875,3186300,0.0,0
2020-12-04,26.828573980142284,27.712406158447266,26.733537930698184,27.712406158447266,4666500,0.0,0
2020-12-07,27.569854355812563,28.339642950370536,27.56035056913136,28.016521453857422,5067000,0.0,0
2020-12-08,27.940493484512665,28.77680860114759,27.902480149753984,28.653261184692383,6196100,0.0,0
2020-12-09,28.757798653493577,29.099927701389078,28.710279723140395,28.852834701538086,4368400,0.0,0
2020-12-10,28.719783693002665,28.919359576439508,28.491698263833317,28.78631019592285,3394000,0.0,0
2020-12-11,28.691274927243285,29.06191353313656,28.62475023517648,28.871841430664062,4349500,0.0,0
2020-12-14,29.006690487621604,29.171611546445785,28.337304795880694,28.3955135345459,2855900,0.619,0
2020-12-15,28.531329074557846,28.589535960514375,28.06567028617853,28.492525100708008,3117300,0.0,0
2020-12-16,28.579835497420067,28.909677613239452,28.172385431204646,28.182085037231445,2449700,0.0,0
2020-12-17,28.376109585074648,28.7447556646695,28.249994356634275,28.705951690673828,2536800,0.0,0
2020-12-18,28.705951608334814,28.88057411672333,28.473122213937973,28.5992374420166,3684800,0.0,0
2020-12-21,28.13357846416884,28.288798059390345,27.920151983330154,28.279096603393555,2584700,0.0,0
2020-12-22,28.482823751698955,28.78356148902872,28.376109585074648,28.705951690673828,3346700,0.0,0
2020-12-23,28.87087334827743,28.977587517137252,28.434317066908704,28.589536666870117,2883600,0.0,0
2020-12-24,28.754456766568772,28.8029640464203,28.45371903294342,28.657445907592773,1070800,0.0,0
2020-12-28,28.71565347548876,29.035794128662978,28.395512822314544,28.64774513244629,2268800,0.0,0
2020-12-29,28.696250618445827,28.841768761012364,28.414915789532333,28.511926651000977,1641300,0.0,0
2020-12-30,28.56043322379654,28.628341565285883,28.269395095517673,28.414915084838867,2215500,0.0,0
2020-12-31,28.317902617673415,28.618640354140556,28.114175741098965,28.5992374420166,2776600,0.0,0
2021-01-04,29.103703197916907,29.103703197916907,27.609712212249303,27.80373764038086,4853900,0.0,0
2021-01-05,27.823140651890984,28.259695091189016,27.745530850435983,28.01716423034668,2099400,0.0,0
2021-01-06,28.269397570857258,28.317904854999586,27.87164709270862,27.949256896972656,3368100,0.0,0
2021-01-07,27.949254527282946,28.046267236978647,27.36718011947227,27.68732261657715,3231800,0.0,0
2021-01-08,27.91044981009255,28.152980652689052,27.67762042324353,27.697021484375,2443700,0.0,0
2021-01-11,27.57090787659633,27.697023107979476,26.998534906486903,27.163455963134766,3983400,0.0,0
2021-01-12,27.163455634532962,27.405986488412722,26.89182041205675,27.221662521362305,3349900,0.0,0
2021-01-13,27.367181253757824,27.648517938499545,27.30897436567332,27.59031105041504,2136200,0.0,0
2021-01-14,27.70672458583416,29.2977282660161,27.697023129510438,29.288026809692383,4449500,0.0,0
2021-01-15,29.200713891268222,29.520854530276758,28.89997616380287,29.123104095458984,3018800,0.0,0
2021-01-19,29.11340462026546,29.346234023532496,28.579835618710334,28.638044357299805,2763400,0.0,0
2021-01-20,28.599238235483575,29.646971464519794,28.44401863491255,29.394739151000977,3328500,0.0,0
2021-01-21,29.28802702476543,29.414142257172728,28.861172195205125,29.365636825561523,1515600,0.0,0
2021-01-22,29.2298169824848,29.3074267798188,28.880573819663557,29.24921989440918,2486200,0.0,0
2021-01-25,29.24922052465495,34.48788658348869,29.24922052465495,31.150663375854492,13928800,0.0,0
2021-01-26,31.189468267870424,32.72226128981821,30.95663702745041,32.402122497558594,6947900,0.0,0
2021-01-27,32.73196601197112,40.08549965451876,32.528237280018146,35.904266357421875,22525900,0.0,0
2021-01-28,34.778923082214966,36.49604197750544,32.382720754375,32.41182327270508,11526100,0.0,0
2021-01-29,32.52823817936652,34.119240049412475,32.33421644944074,32.66405487060547,8143900,0.0,0
2021-02-01,32.83867644030377,32.945390609119244,32.02377261566318,32.382720947265625,3927600,0.0,0
2021-02-02,32.198395101138594,32.24690423290654,30.277551166252287,31.199169158935547,4076000,0.0,0
2021-02-03,31.043949526411396,31.684230837364545,30.617094702321435,31.441699981689453,2471700,0.0,0
2021-02-04,31.529011166349644,31.606622816338927,30.520081920851936,30.985742568969727,4373200,0.0,0
2021-02-05,31.04394837160707,31.73273508792761,30.879027321868364,31.43199920654297,3183800,0.0,0
2021-02-08,31.499907742018866,32.208097374531064,31.334984840898464,32.101383209228516,2189100,0.0,0
2021-02-09,32.1983951281381,32.74166557814089,32.140190091131245,32.382720947265625,2135800,0.0,0
2021-02-10,32.770765366939365,33.38194410969228,32.673754512857194,33.36254119873047,2528300,0.0,0
2021-02-11,33.352842516145344,33.352842516145344,31.810346208921754,32.24690246582031,3685800,0.0,0
2021-02-12,32.24690144886687,32.4118206403126,31.965564792101617,32.17898941040039,1622300,0.0,0
2021-02-16,32.343914719177064,32.38272054384965,31.64542467797898,31.984970092773438,1738500,0.0,0
2021-02-17,31.926763851670298,31.936463458233156,31.587222111058963,31.761844635009766,1978800,0.0,0
2021-02-18,31.65512749723554,32.014072118113845,31.451398771204058,31.480504989624023,1965100,0.0,0
2021-02-19,31.558113043130415,31.82004680542818,31.17006590325479,31.2088680267334,2561500,0.0,0
2021-02-22,31.1700659052456,31.189468817349685,30.762612152514027,30.8596248626709,3001500,0.0,0
2021-02-23,31.121561481355293,31.315583207213717,30.63649791489122,31.140960693359375,2547700,0.0,0
2021-02-24,31.626020720916028,33.88640997360891,31.44169861090078,33.614776611328125,6178400,0.0,0
2021-02-25,33.46925805898933,35.01175444799792,33.07150760399855,33.56626892089844,5279600,0.0,0
2021-02-26,33.39164675835328,34.051330988275424,32.98419669319813,33.75059509277344,3232500,0.0,0
2021-03-01,34.14834582823112,34.77892384379636,33.6632841082299,33.692386627197266,2660300,0.0,0
2021-03-02,33.7602940114018,34.487886570702386,33.56626858877622,34.10953903198242,2747200,0.0,0
2021-03-03,34.284164922926344,34.57520123519933,33.25583267211914,33.25583267211914,3701000,0.0,0
2021-03-04,33.51776434527886,34.245356930345956,33.16851931233029,33.876708984375,3903200,0.0,0
2021-03-05,33.93491707467766,34.90504050288706,33.79910038684469,34.72071838378906,2784600,0.0,0
2021-03-08,34.924443124083744,36.05948574926743,34.82743226236327,35.477413177490234,3234500,0.0,0
2021-03-09,35.45800844445579,36.214707189787035,35.43860553296248,35.58412551879883,3170900,0.0,0
2021-03-10,35.67143694116564,36.17590154022923,35.49681443761566,35.79755401611328,2140000,0.0,0
2021-03-11,35.70054132619608,36.30201681393626,35.63263298245415,35.904266357421875,2346700,0.0,0
2021-03-12,35.92301122246574,36.406459062849095,35.64675746434678,36.37685775756836,2179400,0.619,0
2021-03-15,36.357127236982436,36.51498707554783,35.82435263412137,36.317665100097656,2108100,0.0,0
2021-03-16,36.26832931898456,36.26832931898456,35.14357754599573,35.30143737792969,2594100,0.0,0
2021-03-17,35.29157483386615,36.01181059410723,35.24224433921206,35.705955505371094,2637800,0.0,0
2021-03-18,35.656623692329994,35.78488598462858,35.12384533694388,35.33103942871094,1541300,0.0,0
2021-03-19,35.3409037566038,35.68622096749867,35.202776872245856,35.321170806884766,2694300,0.0,0
2021-03-22,35.32117023204078,36.11046938958005,35.05478106068217,36.09074020385742,1564800,0.0,0
2021-03-23,36.021673006680416,36.149935295955956,35.54809351205755,35.77501678466797,1961400,0.0,0
2021-03-24,35.76515311626038,36.44592295168814,35.62702623055116,35.97234344482422,3101000,0.0,0
2021-03-25,35.65662184669441,36.45578933840758,35.22250826311419,36.36699295043945,2130500,0.0,0
2021-03-26,36.60378309796913,36.80110883508933,36.258465880765335,36.781375885009766,1893300,0.0,0
2021-03-29,36.791241696776524,36.97869906405149,36.18939993384751,36.19926452636719,1484500,0.0,0
2021-03-30,36.24859849723006,36.88990238891037,35.98220933717513,36.66297912597656,1869800,0.0,0
2021-03-31,36.66297936418761,36.949101474662136,36.41632315109064,36.514984130859375,1559400,0.0,0
2021-04-01,36.72218127629495,36.860308164973844,36.09074192023401,36.801109313964844,2659400,0.0,0
2021-04-05,37.02803114011178,37.3930850614544,36.43605770802014,37.05763244628906,1869300,0.0,0
2021-04-06,37.067495383332755,37.106961280689234,36.54458541622234,36.98856735229492,2241500,0.0,0
2021-04-07,36.998432826356776,37.254953637935756,36.73204365836598,37.185890197753906,1471500,0.0,0
2021-04-08,37.0576319952891,37.36348330055487,36.71231102770887,36.88003921508789,1499100,0.0,0
2021-04-09,36.85043690109665,37.17602491044966,36.564318552978264,37.15629196166992,961700,0.0,0
2021-04-12,37.19575995849719,37.44241618665211,37.02803176624066,37.402950286865234,2038300,0.0,0
2021-04-13,37.43254684086447,37.62000797806154,37.146428484157546,37.52134323120117,1196800,0.0,0
2021-04-14,37.25495315754526,37.69893509847158,37.245088564935855,37.48188018798828,1305100,0.0,0
2021-04-15,37.590405736194946,37.649604582837156,37.22535559108918,37.639739990234375,1660500,0.0,0
2021-04-16,37.718669227874265,37.886397416884904,37.37335202061013,37.531211853027344,1222400,0.0,0
2021-04-19,37.66933769471397,38.073853739331554,37.422681478150196,37.96532440185547,1489500,0.0,0
2021-04-20,37.965325445109826,39.40579688614315,37.965325445109826,38.96181869506836,5086500,0.0,0
2021-04-21,38.96181739590857,39.85964586838768,38.58689889510159,39.701786041259766,2849800,0.0,0
2021-04-22,39.6327218675119,40.19510154354173,39.26767169506748,39.830047607421875,2640100,0.0,0
2021-04-23,39.95830872670665,40.37268938101204,39.71165249999858,39.78071594238281,1797000,0.0,0
2021-04-26,39.958306874107,40.08656915987763,39.47485903615629,39.54392623901367,1247800,0.0,0
2021-04-27,39.63272172716395,39.780716972491206,39.3860654940688,39.50446319580078,1515700,0.0,0
2021-04-28,39.45513206018788,39.56365763949723,38.863154852182646,39.00128173828125,1429700,0.0,0
2021-04-29,39.31700034611138,39.83004574035774,39.109810022572056,39.75111770629883,2764700,0.0,0
2021-04-30,39.75111746957522,39.84977845248013,39.13940733180395,39.58338928222656,1952400,0.0,0
2021-05-03,39.6228547005019,39.83004502029556,39.247936195392995,39.563655853271484,2009700,0.0,0
2021-05-04,39.70178870443552,39.948444936098156,39.18874329093618,39.336734771728516,1590400,0.0,0
2021-05-05,38.8434220741104,38.92235387433055,38.054122890285875,38.21198272705078,2835300,0.0,0
2021-05-06,38.981549328394486,41.19159082761801,38.675698008845885,41.09292984008789,4548000,0.0,0
2021-05-07,40.45162146342689,41.27052194839702,40.12603343532781,40.74760818481445,3148100,0.0,0
2021-05-10,40.9350699661027,41.60597145533761,40.53055389570166,41.250789642333984,3313500,0.0,0
2021-05-11,40.905467676731675,41.507309471245065,40.59961636479396,41.36918258666992,2017700,0.0,0
2021-05-12,41.38891651600555,41.5566409473378,39.98790715999459,40.135902404785156,2644700,0.0,0
2021-05-13,40.19509916352056,41.76383286922051,40.056968519189724,41.31985092163086,3117400,0.0,0
2021-05-14,41.33958328898914,42.29660684735145,41.12252461462803,41.931556701660156,2736100,0.0,0
2021-05-17,42.13874896390426,43.17470436571253,42.119016014081446,42.96751403808594,3327600,0.0,0
2021-05-18,42.64192948770856,42.87871735663529,41.75396557004502,42.0006217956543,2492500,0.0,0
2021-05-19,41.862495705479574,41.951292098930075,41.34945029484064,41.556640625,1878700,0.0,0
2021-05-20,41.43824466439181,42.622195264680904,41.359312867990774,42.424869537353516,2456700,0.0,0
2021-05-21,42.32620834155993,42.6517925908803,42.128882615230076,42.41500473022461,1341400,0.0,0
2021-05-24,42.55313287759932,43.28323319399842,42.39527304456638,43.10564041137695,2949000,0.0,0
2021-05-25,43.09577617978065,43.14510667232796,42.63206126975018,42.641929626464844,1736500,0.0,0
2021-05-26,42.750457763671875,43.085906609011616,42.58272957732678,42.750457763671875,2052200,0.0,0
2021-05-27,42.868851699531234,42.918182190693535,42.42486975172005,42.43473434448242,5111000,0.0,0
2021-05-28,42.681391698489485,43.04644562287958,42.48406972859522,42.95764923095703,1890600,0.0,0
2021-06-01,43.154974838298365,43.63841893227068,42.77018796530928,43.589088439941406,2169900,0.0,0
2021-06-02,43.80614643701111,45.335414257336616,43.54962185903313,44.674373626708984,4080600,0.0,0
2021-06-03,44.42771974776021,45.01969696868549,44.03307203081881,44.93090057373047,2003700,0.0,0
2021-06-04,45.138090125421435,45.19728897559103,44.65464225822489,45.05915832519531,1689200,0.0,0
2021-06-07,45.09862163393545,45.62153537119836,45.0394265508426,45.108489990234375,2025100,0.0,0
2021-06-08,45.12822605832337,46.3023083728087,45.11835770134237,46.035919189453125,1836300,0.0,0
2021-06-09,46.23324200851162,46.70682149445137,45.96685284198141,46.3911018371582,1597900,0.0,0
2021-06-10,46.39110243049873,46.59829275255823,45.404477547919875,45.779396057128906,3221200,0.0,0
2021-06-11,45.769528639593865,45.838592081697186,45.157822253675064,45.6609992980957,3046100,0.0,0
2021-06-14,45.7599983215332,46.16999816894531,45.529998779296875,45.939998626708984,1640400,0.619,0
2021-06-15,45.880001068115234,46.060001373291016,45.63999938964844,45.959999084472656,1462500,0.0,0
2021-06-16,45.95000076293945,45.959999084472656,45.16999816894531,45.36000061035156,1899100,0.0,0
2021-06-17,45.25,45.720001220703125,45.06999969482422,45.56999969482422,1729200,0.0,0
2021-06-18,45.58000183105469,45.58000183105469,44.209999084472656,44.25,3134700,0.0,0
2021-06-21,44.310001373291016,45.45000076293945,44.310001373291016,45.36000061035156,1301700,0.0,0
2021-06-22,45.349998474121094,45.349998474121094,43.65999984741211,43.7599983215332,2796900,0.0,0
2021-06-23,43.75,43.75,43.209999084472656,43.5,2676100,0.0,0
2021-06-24,43.720001220703125,43.810001373291016,43.2400016784668,43.349998474121094,3030100,0.0,0
2021-06-25,43.25,43.439998626708984,43.099998474121094,43.15999984741211,2394200,0.0,0
2021-06-28,43.15999984741211,43.310001373291016,42.83000183105469,42.95000076293945,1772200,0.0,0
2021-06-29,42.900001525878906,42.970001220703125,42.20000076293945,42.31999969482422,3477000,0.0,0
2021-06-30,42.29999923706055,42.880001068115234,42.209999084472656,42.31999969482422,2634000,0.0,0
2021-07-01,42.5,42.93000030517578,42.220001220703125,42.619998931884766,2020500,0.0,0
2021-07-02,42.72999954223633,42.869998931884766,42.2400016784668,42.77000045776367,1524300,0.0,0
2021-07-06,42.63999938964844,42.70000076293945,42.09000015258789,42.41999816894531,2162500,0.0,0
2021-07-07,42.279998779296875,42.970001220703125,41.97999954223633,42.7599983215332,2207300,0.0,0
2021-07-08,42.4900016784668,42.900001525878906,42.25,42.619998931884766,1103600,0.0,0
2021-07-09,43.0099983215332,44.150001525878906,42.95000076293945,43.7400016784668,2331500,0.0,0
2021-07-12,43.599998474121094,44.619998931884766,43.349998474121094,44.5,2512400,0.0,0
2021-07-13,44.5099983215332,45.04999923706055,43.970001220703125,44.20000076293945,3089200,0.0,0
2021-07-14,44.0,44.58000183105469,43.97999954223633,44.220001220703125,1876900,0.0,0
2021-07-15,44.150001525878906,44.68000030517578,43.810001373291016,44.04999923706055,1160200,0.0,0
2021-07-16,44.099998474121094,44.20000076293945,43.25,43.31999969482422,1000500,0.0,0
2021-07-19,42.849998474121094,43.06999969482422,42.20000076293945,42.7400016784668,2096600,0.0,0
2021-07-20,43.0,44.040000915527344,42.970001220703125,43.790000915527344,1442100,0.0,0
2021-07-21,43.900001525878906,44.380001068115234,43.65999984741211,43.88999938964844,1259400,0.0,0
2021-07-22,43.91999816894531,44.279998779296875,43.43000030517578,43.58000183105469,1180900,0.0,0
2021-07-23,43.63999938964844,43.68000030517578,43.189998626708984,43.41999816894531,1281400,0.0,0
2021-07-26,43.310001373291016,43.61000061035156,43.119998931884766,43.61000061035156,1346400,0.0,0
2021-07-27,43.52000045776367,44.0,43.130001068115234,43.93000030517578,1514000,0.0,0
2021-07-28,43.939998626708984,44.099998474121094,43.130001068115234,43.43000030517578,1201300,0.0,0
2021-07-29,43.540000915527344,44.119998931884766,43.38999938964844,43.439998626708984,1302800,0.0,0
2021-07-30,43.540000915527344,44.060001373291016,43.439998626708984,43.7599983215332,2611700,0.0,0
2021-08-02,44.09000015258789,44.400001525878906,43.66999816894531,43.7599983215332,1024600,0.0,0
2021-08-03,43.95000076293945,44.130001068115234,43.45000076293945,43.90999984741211,815700,0.0,0
2021-08-04,44.02000045776367,44.02000045776367,43.150001525878906,43.33000183105469,1283700,0.0,0
2021-08-05,43.43000030517578,44.25,42.400001525878906,44.209999084472656,1621900,0.0,0
2021-08-06,44.45000076293945,45.4900016784668,44.38999938964844,44.970001220703125,1375700,0.0,0
2021-08-09,44.880001068115234,45.5,44.66999816894531,45.310001373291016,2254600,0.0,0
2021-08-10,45.5,46.7599983215332,45.43000030517578,45.970001220703125,1852400,0.0,0
2021-08-11,46.130001068115234,46.86000061035156,46.04999923706055,46.720001220703125,1068600,0.0,0
2021-08-12,46.79999923706055,46.79999923706055,46.27000045776367,46.54999923706055,609800,0.0,0
2021-08-13,46.560001373291016,46.68000030517578,46.0,46.099998474121094,946100,0.0,0
2021-08-16,46.11000061035156,46.16999816894531,45.43000030517578,45.849998474121094,1031700,0.0,0
2021-08-17,45.599998474121094,45.72999954223633,45.029998779296875,45.61000061035156,944700,0.0,0
2021-08-18,45.470001220703125,45.470001220703125,44.95000076293945,45.2599983215332,1427100,0.0,0
2021-08-19,45.13999938964844,46.02000045776367,45.119998931884766,45.790000915527344,1109900,0.0,0
2021-08-20,45.70000076293945,45.959999084472656,45.43000030517578,45.66999816894531,982600,0.0,0
2021-08-23,45.900001525878906,45.95500183105469,45.619998931884766,45.869998931884766,1148553,0.0,0
